,ActBuyNum,ActSellNum,BMoney,CPrice,CTypeDes,ChgRadio,PBuy,RChange10DC,RChange10DO,RChange15DC,RChange15DO,RChange1DC,RChange1DO,RChange1M,RChange1Y,RChange20DC,RChange20DO,RChange2DC,RChange2DO,RChange30DC,RChange30DO,RChange3DC,RChange3DO,RChange3M,RChange5DC,RChange5DO,RChange6M,SCode,SMoney,SName,SalesCode,SalesName,TDate,code
0,11294509.19,1066703,11294509.19,8.48,日跌幅偏离值达到7%的前五只证券,-9.9788,10227806.19,,,,,,,32.70735524,-1.624129,,,,,,,,,4.30504304,,,13.97849462,000608,1066703,阳光股份,80100524,光大证券股份有限公司深圳金田路证券营业部,2018-01-29,000608.XSHE
1,12383303.5,50974382.15,12383303.5,31.1,日振幅值达到15%的前五只证券,-3.0246,-38591078.65,,,,,,,83.48082596,59.14571261,,,,,,,,,68.10810813,,,95.59748426,300487,50974382.15,蓝晓科技,80100524,光大证券股份有限公司深圳金田路证券营业部,2018-01-29,300487.XSHE
2,12383303.5,50974382.15,12383303.5,31.1,日换手率达到20%的前五只证券,-3.0246,-38591078.65,,,,,,,83.48082596,59.14571261,,,,,,,,,68.10810813,,,95.59748426,300487,50974382.15,蓝晓科技,80100524,光大证券股份有限公司深圳金田路证券营业部,2018-01-29,300487.XSHE
3,3555519,20198735.5,3555519,47.11,日振幅值达到15%的前五只证券,-4.4034,-16643216.5,,,,,,,28.715847,340.04751877,,,,,,,,,-28.97633047,,,-28.97633047,300612,20198735.5,宣亚国际,80100524,光大证券股份有限公司深圳金田路证券营业部,2018-01-29,300612.XSHE
4,3555519,20198735.5,3555519,47.11,日换手率达到20%的前五只证券,-4.4034,-16643216.5,,,,,,,28.715847,340.04751877,,,,,,,,,-28.97633047,,,-28.97633047,300612,20198735.5,宣亚国际,80100524,光大证券股份有限公司深圳金田路证券营业部,2018-01-29,300612.XSHE
5,16233725,0,16233725,11.4,日涨幅偏离值达到7%的前五只证券,10.0386,16233725,,,,,-8.7719,,-28.52664578,-61.18382755,,,,,,,,,-49.60212202,,,-45.66253575,300216,0,千山药机,80100524,光大证券股份有限公司深圳金田路证券营业部,2018-01-26,300216.XSHE
6,20143770,8888,20143770,49.28,日涨幅偏离值达到7%的前五只证券,10,20134882,,,,,-4.4034,,39.76176971,360.31716673,,,,,,,,,-25.70480929,,,-25.70480929,300612,8888,宣亚国际,80100524,光大证券股份有限公司深圳金田路证券营业部,2018-01-26,300612.XSHE
7,20143770,8888,20143770,49.28,日换手率达到20%的前五只证券,10,20134882,,,,,-4.4034,,39.76176971,360.31716673,,,,,,,,,-25.70480929,,,-25.70480929,300612,8888,宣亚国际,80100524,光大证券股份有限公司深圳金田路证券营业部,2018-01-26,300612.XSHE
8,14450874,85070,14450874,48,日涨幅偏离值达到7%的前五只证券,9.9908,14365804,,,,,-4.7917,-2.9574,50.47021943,-31.71100787,,,-11.5,,,,,,16.9020945,,,23.71134022,300561,85070,汇金科技,80100524,光大证券股份有限公司深圳金田路证券营业部,2018-01-25,300561.XSHE
9,24323,25687391.87,24323,57.12,日跌幅偏离值达到7%的前五只证券,-10.0047,-25663068.87,,,,,-2.3109,-1.4436,54.75480899,47.52066184,,,-1.5231,,,,,,49.8426023,,,61.17381489,300226,25687391.87,上海钢联,80100524,光大证券股份有限公司深圳金田路证券营业部,2018-01-25,300226.XSHE
10,24323,25687391.87,24323,57.12,日振幅值达到15%的前五只证券,-10.0047,-25663068.87,,,,,-2.3109,-1.4436,54.75480899,47.52066184,,,-1.5231,,,,,,49.8426023,,,61.17381489,300226,25687391.87,上海钢联,80100524,光大证券股份有限公司深圳金田路证券营业部,2018-01-25,300226.XSHE
11,25286706,11750,25286706,63.47,日涨幅偏离值达到7%的前五只证券,10,25274956,,,,,-10.0047,-16.003,71.95881875,59.95463709,,,-12.0844,-17.2156,,,-11.3755,,61.29606099,,,83.49233883,300226,11750,上海钢联,80100524,光大证券股份有限公司深圳金田路证券营业部,2018-01-24,300226.XSHE
12,185472,13534865,185472,14.77,日振幅值达到15%的前五只证券,1.5818,-13349393,,,,,-10.0203,-10.0075,28.88307154,240.07003204,,,-19.0251,-19.0369,,,-22.8165,-19.4131,9.00368998,,,1.30315499,002839,13534865,张家港行,80100524,光大证券股份有限公司深圳金田路证券营业部,2018-01-23,002839.XSHE
13,185472,13534865,185472,14.77,日换手率达到20%的前五只证券,1.5818,-13349393,,,,,-10.0203,-10.0075,28.88307154,240.07003204,,,-19.0251,-19.0369,,,-22.8165,-19.4131,9.00368998,,,1.30315499,002839,13534865,张家港行,80100524,光大证券股份有限公司深圳金田路证券营业部,2018-01-23,002839.XSHE
14,15488496,179556.76,15488496,14.54,日换手率达到20%的前五只证券,-1.0211,15308939.24,,,,,1.5818,1.5279,24.37981173,234.77442563,,,-8.597,-8.6325,,,-17.7442,-17.7998,7.30627303,-28.6107,,-0.27434843,002839,179556.76,张家港行,80100524,光大证券股份有限公司深圳金田路证券营业部,2018-01-22,002839.XSHE
15,,34320658,,30.21,有价格涨跌幅限制的日价格振幅达到15%的前三只证券,-6.5574,-34320658,,,,,-2.9791,3.2403,162.23958333,1266.96832579,,,6.7196,15.0982,,,2.1185,-3.4471,1266.96832579,-5.8921,,1266.96832579,600903,34320658,贵州燃气,80100524,光大证券股份有限公司深圳金田路证券营业部,2018-01-22,600903.XSHG
16,,34320658,,30.21,有价格涨跌幅限制的日换手率达到20%的前三只证券,-6.5574,-34320658,,,,,-2.9791,3.2403,162.23958333,1266.96832579,,,6.7196,15.0982,,,2.1185,-3.4471,1266.96832579,-5.8921,,1266.96832579,600903,34320658,贵州燃气,80100524,光大证券股份有限公司深圳金田路证券营业部,2018-01-22,600903.XSHG
17,5248051,26985,18117937.76,12.4,连续三个交易日内，跌幅偏离值累计达到20%的证券,-3.2006,18017996.76,,,,,0.4032,0.9061,16.43192486,-10.40462429,,,-0.8065,-0.2471,,,0.4839,0.0824,4.72972971,-0.1613,-0.0824,7.6388889,002235,99941,安妮股份,80100524,光大证券股份有限公司深圳金田路证券营业部,2018-01-19,002235.XSHE
18,40888165.65,85050,40888165.65,29.15,连续三个交易日内，涨幅偏离值累计达到20%的证券,10,40803115.65,,,,,10.0172,14.6,68.30254044,57.01802339,,,6.6895,,,,,,60.51762115,,,82.30143838,300487,85050,蓝晓科技,80100524,光大证券股份有限公司深圳金田路证券营业部,2018-01-19,300487.XSHE
19,40888165.65,85050,40809165.65,29.15,日涨幅偏离值达到7%的前五只证券,10,40724115.65,,,,,10.0172,14.6,68.30254044,57.01802339,,,6.6895,,,,,,60.51762115,,,82.30143838,300487,85050,蓝晓科技,80100524,光大证券股份有限公司深圳金田路证券营业部,2018-01-19,300487.XSHE
20,12869886.76,72956,12869886.76,12.81,日跌幅偏离值达到7%的前五只证券,-9.2133,12796930.76,,,,,-3.2006,-5.8915,21.5370019,-8.10617047,,,-2.8103,-5.0388,,,-3.9813,-6.124,5.60593569,-4.2935,-5.6589,13.66459626,002235,72956,安妮股份,80100524,光大证券股份有限公司深圳金田路证券营业部,2018-01-18,002235.XSHE
21,53570945,14821797.7,53570945,35.88,日振幅值达到15%的前五只证券,-2.7115,38749147.3,,,,,5.0725,0.2725,117.7184466,108.65580793,,,5.7414,1.4169,,,7.3021,6.485,110.07025763,15.5518,7.0845,116.79758309,000732,14821797.7,泰禾集团,80100524,光大证券股份有限公司深圳金田路证券营业部,2018-01-17,000732.XSHE
22,151444,17241616,151444,41.95,日换手率达到20%的前五只证券,-9.9592,-17090172,,,,,10.0119,11.862,-36.75561586,291.84872454,,,9.3921,0.3729,,,2.4076,0.4195,-36.75561586,0.4529,-5.4067,-36.75561586,300612,17241616,宣亚国际,80100524,光大证券股份有限公司深圳金田路证券营业部,2018-01-17,300612.XSHE
23,18501549.5,24840,18501549.5,46.59,日涨幅偏离值达到7%的前五只证券,10.0118,18476709.5,,,,,-9.9592,2.3372,-29.76028946,335.19027596,,,-0.9444,14.4765,,,-1.5025,2.7188,-29.76028946,-10.9036,-4.5791,-29.76028946,300612,24840,宣亚国际,80100524,光大证券股份有限公司深圳金田路证券营业部,2018-01-16,300612.XSHE
24,18501549.5,24840,18501549.5,46.59,日振幅值达到15%的前五只证券,10.0118,18476709.5,,,,,-9.9592,2.3372,-29.76028946,335.19027596,,,-0.9444,14.4765,,,-1.5025,2.7188,-29.76028946,-10.9036,-4.5791,-29.76028946,300612,24840,宣亚国际,80100524,光大证券股份有限公司深圳金田路证券营业部,2018-01-16,300612.XSHE
25,18501549.5,24840,18501549.5,46.59,日换手率达到20%的前五只证券,10.0118,18476709.5,,,,,-9.9592,2.3372,-29.76028946,335.19027596,,,-0.9444,14.4765,,,-1.5025,2.7188,-29.76028946,-10.9036,-4.5791,-29.76028946,300612,24840,宣亚国际,80100524,光大证券股份有限公司深圳金田路证券营业部,2018-01-16,300612.XSHE
26,18501549.5,24840,18501549.5,46.59,连续三个交易日内，涨幅偏离值累计达到20%的证券,10.0118,18476709.5,,,,,-9.9592,2.3372,-29.76028946,335.19027596,,,-0.9444,14.4765,,,-1.5025,2.7188,-29.76028946,-10.9036,-4.5791,-29.76028946,300612,24840,宣亚国际,80100524,光大证券股份有限公司深圳金田路证券营业部,2018-01-16,300612.XSHE
27,53590,19763499,53590,5.41,日振幅值达到15%的前五只证券,6.7061,-19709909,-6.2847,-1.3487,,,9.9815,13.6802,45.82210242,1.12149532,,,9.427,9.6339,,,10.1664,11.9461,26.10722611,3.6969,6.3584,17.0995671,000517,19763499,荣安地产,80100524,光大证券股份有限公司深圳金田路证券营业部,2018-01-11,000517.XSHE
28,19683533,39320,19683533,5.07,日涨幅偏离值达到7%的前五只证券,9.9783,19644213,2.7613,2.5692,,,6.7061,2.5692,36.65768194,-4.33962077,,,17.357,16.6008,,,16.7653,12.4506,18.73536302,7.6923,8.8933,10.21739348,000517,39320,荣安地产,80100524,光大证券股份有限公司深圳金田路证券营业部,2018-01-10,000517.XSHE
29,0,74688112,0,11.98,日涨幅偏离值达到7%的前五只证券,10.0092,-74688112,1.9199,-1.3821,,,0.2504,-3.9837,-1.56121613,-2.33420738,,,-2.2538,-5.3659,,,-3.0885,-6.4228,-3.38709678,-0.7513,-3.252,-2.36348819,000926,74688112,福星股份,80100524,光大证券股份有限公司深圳金田路证券营业部,2018-01-10,000926.XSHE
30,40800,39045448,40800,39.05,日换手率达到20%的前五只证券,-1.3889,-39004648,-5.8899,-3.8472,,,2.4584,1.9628,41.5881073,968.40950929,,,1.4085,1.3347,,,3.5083,9.6048,-8.03436491,0.717,-0.1309,968.40950929,300675,39045448,建科院,80100524,光大证券股份有限公司深圳金田路证券营业部,2018-01-09,300675.XSHE
31,34299613.28,0,34299613.28,59.21,日涨幅偏离值达到7%的前五只证券,9.9944,34299613.28,4.0534,2.3333,1.8409,,0.6756,-1.45,17.38699445,156.07310258,,,0.2027,-1.3333,,,-0.8951,-2.8167,59.72484489,-3.648,-4.7167,112.00595535,002714,0,牧原股份,80100524,光大证券股份有限公司深圳金田路证券营业部,2018-01-08,002714.XSHE
32,41099651,25755703.6,41099651,39.6,日振幅值达到15%的前五只证券,5.8823,15343947.4,-6.3131,-6.4103,-13.5354,,-1.3889,-2.0256,48.20359281,983.4575306,,,1.0354,-0.1026,,,0,-0.7179,-6.73907427,-0.8838,-2.4615,983.4575306,300675,25755703.6,建科院,80100524,光大证券股份有限公司深圳金田路证券营业部,2018-01-08,300675.XSHE
33,41099651,25755703.6,41099651,39.6,日换手率达到20%的前五只证券,5.8823,15343947.4,-6.3131,-6.4103,-13.5354,,-1.3889,-2.0256,48.20359281,983.4575306,,,1.0354,-0.1026,,,0,-0.7179,-6.73907427,-0.8838,-2.4615,983.4575306,300675,25755703.6,建科院,80100524,光大证券股份有限公司深圳金田路证券营业部,2018-01-08,300675.XSHE
34,26372560,153680,26372560,37.4,连续三个交易日内，涨幅偏离值累计达到20%的证券,10,26218880,-4.5722,-3.4595,-6.1497,-3.6486,5.8824,5.4054,33.00142248,923.26544563,,,4.4118,3.2703,,,6.9786,5.2973,-11.92023681,8.0749,13.1892,923.26544563,300675,153680,建科院,80100524,光大证券股份有限公司深圳金田路证券营业部,2018-01-05,300675.XSHE
35,26372560,153680,26372560,37.4,日涨幅偏离值达到7%的前五只证券,10,26365080,-4.5722,-3.4595,-6.1497,-3.6486,5.8824,5.4054,33.00142248,923.26544563,,,4.4118,3.2703,,,6.9786,5.2973,-11.92023681,8.0749,13.1892,923.26544563,300675,7480,建科院,80100524,光大证券股份有限公司深圳金田路证券营业部,2018-01-05,300675.XSHE
36,26372560,153680,26372560,37.4,日换手率达到20%的前五只证券,10,26365080,-4.5722,-3.4595,-6.1497,-3.6486,5.8824,5.4054,33.00142248,923.26544563,,,4.4118,3.2703,,,6.9786,5.2973,-11.92023681,8.0749,13.1892,923.26544563,300675,7480,建科院,80100524,光大证券股份有限公司深圳金田路证券营业部,2018-01-05,300675.XSHE
37,,22945574,,19.56,有价格涨跌幅限制的日换手率达到20%的前三只证券,-1.0622,-22945574,64.8262,75.922,,,3.9366,3.7935,91.952895,785.0678733,,,2.6074,3.6354,,,12.8834,19.4415,785.0678733,36.6053,46.9442,785.0678733,600903,22945574,贵州燃气,80100524,光大证券股份有限公司深圳金田路证券营业部,2018-01-05,600903.XSHG
38,17066671.41,15675622.93,17066671.41,19.77,有价格涨跌幅限制的日换手率达到20%的前三只证券,-3.1357,17066671.41,48.2549,53.1969,,,-1.0622,-2.9156,85.28584817,794.57013575,,,2.8326,0.7673,,,1.5175,0.6138,794.57013575,22.8629,30.4348,794.57013575,600903,,贵州燃气,80100524,光大证券股份有限公司深圳金田路证券营业部,2018-01-04,600903.XSHG
39,,38580,,20.21,非ST、*ST和S证券连续三个交易日内收盘价格涨幅偏离值累计达到20%的证券,10.0163,-38580,35.1806,23.0319,64.8194,43.9496,9.9951,9.9865,91.74573055,91.74573055,,,20.9797,21.0076,,,33.1024,33.1084,91.74573055,61.0589,54.9708,91.74573055,603329,38580,上海雅仕,80100524,光大证券股份有限公司深圳金田路证券营业部,2018-01-04,603329.XSHG
40,1469185,0,1469185,16.59,日涨幅偏离值达到7%的前五只证券,10.0133,1469185,-4.4605,-4.6903,0.7836,0.5412,2.0494,-0.4811,-3.9404837,-16.85718083,,,1.4467,-0.0601,,,-0.7233,0,-32.87363884,-4.2194,-4.7505,-26.32405152,300374,0,恒通科技,80100524,光大证券股份有限公司深圳金田路证券营业部,2018-01-03,300374.XSHE
41,22474894,31721599,22474894,20.41,有价格涨跌幅限制的日换手率达到20%的前三只证券,10.027,22474894,48.0157,45.05,39.2945,,-3.1357,-2.25,91.28397376,823.52941176,,,-4.1646,-5.1,,,-0.392,-1.5,823.52941176,8.1823,13.35,823.52941176,600903,,贵州燃气,80100524,光大证券股份有限公司深圳金田路证券营业部,2018-01-03,600903.XSHG
42,3960,2818108,3960,40.44,日涨幅偏离值达到7%的前五只证券,10.0109,-2814148,-10.9792,-15.4278,-11.2265,-16.7835,0.8902,-8.1346,12.80334729,-11.07131975,,,-1.9535,-8.6489,,,-2.7695,-6.7789,-10.47155192,-4.9703,-10.5189,18.8363209,300500,2818108,启迪设计,80100524,光大证券股份有限公司深圳金田路证券营业部,2018-01-03,300500.XSHE
43,,6577949,,18.55,有价格涨跌幅限制的日收盘价格涨幅偏离值达到7%的前三只证券,10.0237,-6577949,74.2857,67.7504,51.159,48.4006,10.027,4.8768,73.85192127,739.36651584,,,6.5768,2.517,,,5.4447,-0.4719,739.36651584,8.1941,3.1463,739.36651584,600903,6577949,贵州燃气,80100524,光大证券股份有限公司深圳金田路证券营业部,2018-01-02,600903.XSHG
44,,6577949,,18.55,有价格涨跌幅限制的日价格振幅达到15%的前三只证券,10.0237,-6577949,74.2857,67.7504,51.159,48.4006,10.027,4.8768,73.85192127,739.36651584,,,6.5768,2.517,,,5.4447,-0.4719,739.36651584,8.1941,3.1463,739.36651584,600903,6577949,贵州燃气,80100524,光大证券股份有限公司深圳金田路证券营业部,2018-01-02,600903.XSHG
45,64994,28893417.85,64994,13.85,日跌幅偏离值达到7%的前五只证券,-9.0013,-28828423.85,-18.6282,-18.0147,-14.657,-13.1618,-1.2274,-1.7647,9.22712934,9.22712934,-14.3682,,-0.6498,-3.2353,,,-4.6931,-4.2647,9.22712934,-6.2094,-4.7794,9.22712934,001965,28893417.85,招商公路,80100524,光大证券股份有限公司深圳金田路证券营业部,2017-12-29,001965.XSHE
46,30634293,509613,30634293,15.22,日涨幅偏离值达到7%的前五只证券,9.9711,30124680,-21.7477,-23.3876,-20.1708,-22.6059,-9.0013,-11.4007,20.03154574,20.03154574,-20.4336,-20.8469,-10.1183,-12.9642,,,-9.5926,-14.2671,20.03154574,-14.1261,-15.9609,20.03154574,001965,509613,招商公路,80100524,光大证券股份有限公司深圳金田路证券营业部,2017-12-28,001965.XSHE
47,30634293,509613,30634293,15.22,日换手率达到20%的前五只证券,9.9711,30124680,-21.7477,-23.3876,-20.1708,-22.6059,-9.0013,-11.4007,20.03154574,20.03154574,-20.4336,-20.8469,-10.1183,-12.9642,,,-9.5926,-14.2671,20.03154574,-14.1261,-15.9609,20.03154574,001965,509613,招商公路,80100524,光大证券股份有限公司深圳金田路证券营业部,2017-12-28,001965.XSHE
48,39100580,32131052.91,39100580,16.86,非ST、*ST和S证券连续三个交易日内收盘价格涨幅偏离值累计达到20%的证券,9.9804,39100580,74.3179,99.2505,82.9775,74.9532,10.0237,19.1131,53.4121929,662.8959276,,,21.0558,24.9219,,,17.2598,22.1112,662.8959276,20.5813,23.0481,662.8959276,600903,,贵州燃气,80100524,光大证券股份有限公司深圳金田路证券营业部,2017-12-27,600903.XSHG
49,19536416.32,,19536416.32,13.94,有价格涨跌幅限制的日收盘价格涨幅偏离值达到7%的前三只证券,10.0237,19536416.32,74.2468,77.3296,110.2582,108.2754,9.9713,14.0473,26.84258417,530.76923077,,,20.9469,11.3352,,,33.0703,32.6147,530.76923077,41.8221,35.9527,530.76923077,600903,,贵州燃气,80100524,光大证券股份有限公司深圳金田路证券营业部,2017-12-25,600903.XSHG
50,19536416.32,,19536416.32,13.94,有价格涨跌幅限制的日换手率达到20%的前三只证券,10.0237,19536416.32,74.2468,77.3296,110.2582,108.2754,9.9713,14.0473,26.84258417,530.76923077,,,20.9469,11.3352,,,33.0703,32.6147,530.76923077,41.8221,35.9527,530.76923077,600903,,贵州燃气,80100524,光大证券股份有限公司深圳金田路证券营业部,2017-12-25,600903.XSHG
51,0,7988318,0,16.93,日跌幅偏离值达到7%的前五只证券,-9.9947,-7988318,0.5907,3.5344,-0.4725,2.011,1.5357,-1.2188,-23.04545453,-31.11949387,-6.6745,-3.7172,0.2953,3.4735,,,0.2363,4.5094,-20.44172932,1.772,4.997,-23.70398017,002213,7988318,特尔佳,80100524,光大证券股份有限公司深圳金田路证券营业部,2017-12-19,002213.XSHE
52,,126620433.3,,17.9,有价格涨跌幅限制的日收盘价格跌幅偏离值达到7%的前三只证券,-10.005,-126620433.3,-16.7039,-14.104,-17.2067,-14.3353,-7.5978,-6.6474,-26.09413707,-39.05559097,-23.7989,-21.6763,-11.2849,-8.9595,,,-12.4581,-9.4798,-24.69499369,-16.3687,-13.6416,-25.57172557,603168,126620433.3,莎普爱思,80100524,光大证券股份有限公司深圳金田路证券营业部,2017-12-19,603168.XSHG
53,,126620433.3,,17.9,非ST、*ST和S证券连续三个交易日内收盘价格跌幅偏离值累计达到20%的证券,-10.005,-126620433.3,-16.7039,-14.104,-17.2067,-14.3353,-7.5978,-6.6474,-26.09413707,-39.05559097,-23.7989,-21.6763,-11.2849,-8.9595,,,-12.4581,-9.4798,-24.69499369,-16.3687,-13.6416,-25.57172557,603168,126620433.3,莎普爱思,80100524,光大证券股份有限公司深圳金田路证券营业部,2017-12-19,603168.XSHG
54,46491620,95740,46491620,13.23,日涨幅偏离值达到7%的前五只证券,6.7797,46395880,-6.2736,-7.5883,-13.7566,-14.876,3.1746,3.1555,49.15445321,29.50941959,-13.9078,-14.6506,4.0816,1.4275,-7.1051,-8.7904,-5.5178,-6.4613,42.8725702,-9.2971,-9.8422,58.63309352,000636,95740,风华高科,80100524,光大证券股份有限公司深圳金田路证券营业部,2017-11-30,000636.XSHE
55,39229785,202454,39229785,19.61,日涨幅偏离值达到7%的前五只证券,9.9832,39027331,8.0061,6.5008,-4.3855,-4.0122,5.3544,4.1646,25.22349937,69.7474104,-3.3146,-5.2311,9.6379,11.4779,16.5732,16.709,5.9663,6.9578,25.22349937,5.7624,3.6059,49.6642573,002110,202454,三钢闽光,80100524,光大证券股份有限公司深圳金田路证券营业部,2017-11-29,002110.XSHE
56,49106155,0,49106155,233.84,日涨幅偏离值达到7%的前五只证券,10.0009,49106155,6.915,3.3098,-3.3613,-5.063,2.4889,0.8369,16.36725554,1778.23293173,3.4896,0.8369,3.9129,-0.1046,26.5139,25.3525,10.7167,5.8622,123.12977099,3.4896,1.385,212.95503212,300618,0,寒锐钴业,80100524,光大证券股份有限公司深圳金田路证券营业部,2017-11-28,300618.XSHE
57,30150806.52,0,30150806.52,11.7,日涨幅偏离值达到7%的前五只证券,4.9327,30150806.52,3.5897,4.4828,1.1111,1.8966,1.7094,1.7241,-6.32506004,-42.7735089,4.359,5.3448,1.7094,1.1207,3.5897,2.5862,3.2479,4.1379,-13.65313654,2.5641,2.4138,-15.39536749,000929,0,兰州黄河,80100524,光大证券股份有限公司深圳金田路证券营业部,2017-11-23,000929.XSHE
58,2682,4021668,2682,13.41,日涨幅偏离值达到7%的前五只证券,10.0082,-4018986,4.0268,0.8708,-5.9657,-11.103,-2.3863,-5.5152,-3.31651047,-23.89330278,0.9694,2.1045,-4.698,-8.5631,-8.874,-11.5385,4.8471,1.5965,2.3664122,2.3117,-1.3062,2.36641262,300313,4021668,天山生物,80100524,光大证券股份有限公司深圳金田路证券营业部,2017-11-16,300313.XSHE
59,9381360,0,9381360,6.97,日跌幅偏离值达到7%的前五只证券,-9.9483,9381360,-3.7303,-3.5663,-1.4347,-3.5663,1.2912,-0.1427,-9.00783291,23.58155924,1.5782,1.5692,-0.4304,-1.2839,6.8867,5.5635,-4.1607,-5.8488,28.36095763,-6.7432,-6.8474,54.20353856,000886,0,海南高速,80100524,光大证券股份有限公司深圳金田路证券营业部,2017-11-14,000886.XSHE
60,2170734.6,12305,2170734.6,23.65,日跌幅偏离值达到7%的前五只证券,-9.9048,2158429.6,-17.8013,-14.6522,-18.8161,-16.1739,0.3805,2.6087,-17.39434159,206.0758753,-18.9852,-16.913,-4.2283,-1.7391,-18.8584,-17.913,-7.611,-4.3913,49.85006457,-12.4736,-12.3478,6.2858771,300635,12305,达安股份,80100524,光大证券股份有限公司深圳金田路证券营业部,2017-11-13,300635.XSHE
61,17963000,312612,17963000,7.81,日涨幅偏离值达到7%的前五只证券,10,17650388,4.0973,3.8023,8.9629,8.7452,-1.5365,-3.4221,15.3618907,-4.17177694,8.3227,10.2662,-2.1767,-3.2953,-0.7682,-2.4081,-2.9449,-4.8162,18.8736682,-0.5122,-2.1546,24.16534467,002118,312612,紫鑫药业,80100524,光大证券股份有限公司深圳金田路证券营业部,2017-11-09,002118.XSHE
62,0,2238200,0,3.61,日涨幅偏离值达到7%的前五只证券,10.061,-2238200,-16.3435,-18.6486,-18.5596,-22.973,-2.4931,-7.5676,10.06097562,-1.63487882,-16.0665,-18.6486,-8.0332,-10.8108,-21.3296,-23.2432,-9.9723,-11.8919,10.06097562,-14.9584,-17.8378,10.06097399,002263,2238200,大东南,80100524,光大证券股份有限公司深圳金田路证券营业部,2017-10-26,002263.XSHE
63,1235609,9177413,1235609,46.78,日换手率达到20%的前五只证券,5.8611,-7941804,-15.6691,-15.2763,-16.2035,-15.3629,-3.6768,-4.7454,21.69614985,-7.1316322,-27.2766,-25.3521,-4.4463,-3.4453,-28.4951,-27.584,-6.9902,-7.0423,82.73437502,-13.2322,-11.636,37.46693976,300500,9177413,启迪设计,80100524,光大证券股份有限公司深圳金田路证券营业部,2017-10-23,300500.XSHE
64,,23454737,,115.78,有价格涨跌幅限制的日收盘价格跌幅偏离值达到7%的前三只证券,-8.4309,-23454737,,,,,2.5998,3.5326,-9.2562113,30.45970828,,,7.592,7.6784,,,6.7628,4.664,52.58302583,16.039,15.9095,31.50155348,603986,23454737,兆易创新,80100524,光大证券股份有限公司深圳金田路证券营业部,2017-10-19,603986.XSHG
65,,51044513.5,,43.37,有价格涨跌幅限制的日换手率达到20%的前三只证券,-8.056,-51044513.5,-11.8515,-12.8353,-9.8455,-11.4246,1.4526,-0.9019,86.61790018,530.46772002,6.8019,3.6078,-0.0231,-2.8677,21.6279,21.9241,-1.8446,-0.7169,81.16123644,-6.1333,-7.5393,9.63733981,603559,51044513.5,中通国脉,80100524,光大证券股份有限公司深圳金田路证券营业部,2017-10-11,603559.XSHG
66,55012397.5,18730411,54998075.5,47.17,有价格涨跌幅限制的日换手率达到20%的前三只证券,7.3021,54998075.5,-20.2035,-13.8883,-18.8467,-14.0466,-8.056,-2.1941,102.96901893,585.70814739,-0.3816,6.1751,-6.7204,-3.0762,12.2748,17.5978,-8.0772,-4.9989,82.82945738,-5.2364,-0.9274,19.2435628,603559,,中通国脉,80100524,光大证券股份有限公司深圳金田路证券营业部,2017-10-10,603559.XSHG
67,55012397.5,18730411,72700778.5,47.17,非ST、*ST和S证券连续三个交易日内收盘价格涨幅偏离值累计达到20%的证券,7.3021,72700778.5,-20.2035,-13.8883,-18.8467,-14.0466,-8.056,-2.1941,102.96901893,585.70814739,-0.3816,6.1751,-6.7204,-3.0762,12.2748,17.5978,-8.0772,-4.9989,82.82945738,-5.2364,-0.9274,19.2435628,603559,,中通国脉,80100524,光大证券股份有限公司深圳金田路证券营业部,2017-10-10,603559.XSHG
68,19959,48093216.94,19959,12.2,日换手率达到20%的前五只证券,5.4451,-48073257.94,-23.1148,-19.8291,-22.541,-19.4017,-8.6066,-5.641,136.43410859,80.4733717,-21.7213,-18.3761,-4.2623,-3.5043,-35.3279,-32.6496,-9.5902,-9.4017,125.50831799,-15.6557,-12.2222,78.88562944,000868,48093216.94,安凯客车,80100524,光大证券股份有限公司深圳金田路证券营业部,2017-10-10,000868.XSHE
69,47052574,704889,47052574,11.57,连续三个交易日内，涨幅偏离值累计达到20%的证券,9.981,46347685,-16.8539,-17.0268,-20.484,-20.7433,5.4451,1.1236,124.22480625,71.15384512,-17.9775,-18.4961,-3.6301,-4.5808,-31.9793,-31.2878,0.9507,-2.4201,113.86321631,-12.1003,-10.8902,69.64809283,000868,704889,安凯客车,80100524,光大证券股份有限公司深圳金田路证券营业部,2017-10-09,000868.XSHE
70,47052574,704889,46554753,11.57,日涨幅偏离值达到7%的前五只证券,9.981,46549283,-16.8539,-17.0268,-20.484,-20.7433,5.4451,1.1236,124.22480625,71.15384512,-17.9775,-18.4961,-3.6301,-4.5808,-31.9793,-31.2878,0.9507,-2.4201,113.86321631,-12.1003,-10.8902,69.64809283,000868,5470,安凯客车,80100524,光大证券股份有限公司深圳金田路证券营业部,2017-10-09,000868.XSHE
71,17688381,,17688381,43.96,有价格涨跌幅限制的日换手率达到20%的前三只证券,10.01,17688381,-9.6906,-8.9302,-14.5132,-12.814,7.3021,2.814,89.15662651,539.04452321,10.6005,15.9767,-1.3421,0.5581,16.1056,20.6977,0.091,-0.3488,70.38759692,-3.162,-0.1628,11.12883232,603559,,中通国脉,80100524,光大证券股份有限公司深圳金田路证券营业部,2017-10-09,603559.XSHG
72,44220,41584486.66,44220,15.11,日涨幅偏离值达到7%的前五只证券,9.9709,-41540266.66,-14.229,-5.4412,1.8531,11.9118,-8.1403,5.1471,64.7764449,-9.30372211,-20.9133,-10.9559,-10.3905,-5.8824,-10.3905,-4.7794,-13.8981,-5.8088,70.9276018,-15.2217,-6.9118,32.7768005,002194,41584486.66,武汉凡谷,80100524,光大证券股份有限公司深圳金田路证券营业部,2017-09-29,002194.XSHE
73,44220,41584486.66,44220,15.11,日振幅值达到15%的前五只证券,9.9709,-41540266.66,-14.229,-5.4412,1.8531,11.9118,-8.1403,5.1471,64.7764449,-9.30372211,-20.9133,-10.9559,-10.3905,-5.8824,-10.3905,-4.7794,-13.8981,-5.8088,70.9276018,-15.2217,-6.9118,32.7768005,002194,41584486.66,武汉凡谷,80100524,光大证券股份有限公司深圳金田路证券营业部,2017-09-29,002194.XSHE
74,41290386,30478274.5,41290386,13.74,日涨幅偏离值达到7%的前五只证券,10.008,10812111.5,-0.8006,-4.3382,7.7147,0.7353,9.9709,0,56.67046754,-18.11680628,-4.9491,-3.0882,1.0189,5.1471,3.3479,1.5441,-1.4556,-5.8824,54.03587443,-9.8253,-10.5147,21.27096123,002194,30478274.5,武汉凡谷,80100524,光大证券股份有限公司深圳金田路证券营业部,2017-09-28,002194.XSHE
75,28900967.5,103495,28802692.5,12.49,日涨幅偏离值达到7%的前五只证券,10.044,28719102.5,4.7238,7.8268,19.8559,21.149,10.008,13.239,42.41733185,-25.61048293,9.0472,12.0733,20.9768,13.239,12.5701,16.1532,11.1289,19.0674,40.17957354,4.1633,6.6611,2.46103295,002194,83590,武汉凡谷,80100524,光大证券股份有限公司深圳金田路证券营业部,2017-09-27,002194.XSHE
76,28900967.5,103495,28802692.5,12.49,日振幅值达到15%的前五只证券,10.044,28719102.5,4.7238,7.8268,19.8559,21.149,10.008,13.239,42.41733185,-25.61048293,9.0472,12.0733,20.9768,13.239,12.5701,16.1532,11.1289,19.0674,40.17957354,4.1633,6.6611,2.46103295,002194,83590,武汉凡谷,80100524,光大证券股份有限公司深圳金田路证券营业部,2017-09-27,002194.XSHE
77,28900967.5,103495,28900967.5,12.49,连续三个交易日内，涨幅偏离值累计达到20%的证券,10.044,28797472.5,4.7238,7.8268,19.8559,21.149,10.008,13.239,42.41733185,-25.61048293,9.0472,12.0733,20.9768,13.239,12.5701,16.1532,11.1289,19.0674,40.17957354,4.1633,6.6611,2.46103295,002194,103495,武汉凡谷,80100524,光大证券股份有限公司深圳金田路证券营业部,2017-09-27,002194.XSHE
78,0,32600563.89,0,37.62,日振幅值达到15%的前五只证券,-5.4774,-32600563.89,-22.3817,-23.7374,-25.8639,-25.8905,-4.1467,-5.3695,271.73913043,435.13513514,-34.1839,-34.3434,-10.2605,-12.0415,-32.908,-32.7751,-16.0021,-15.7363,435.13513514,-14.8857,-16.135,435.13513514,002895,32600563.89,川恒股份,80100524,光大证券股份有限公司深圳金田路证券营业部,2017-09-26,002895.XSHE
79,0,32600563.89,0,37.62,日换手率达到20%的前五只证券,-5.4774,-32600563.89,-22.3817,-23.7374,-25.8639,-25.8905,-4.1467,-5.3695,271.73913043,435.13513514,-34.1839,-34.3434,-10.2605,-12.0415,-32.908,-32.7751,-16.0021,-15.7363,435.13513514,-14.8857,-16.135,435.13513514,002895,32600563.89,川恒股份,80100524,光大证券股份有限公司深圳金田路证券营业部,2017-09-26,002895.XSHE
80,35803092,24500,35803092,47.9,日换手率达到20%的前五只证券,4.1078,35778592,-4.7808,-0.2597,9.7704,11.9238,-3.9666,-0.2164,43.97354974,932.32758621,17.3069,20.7531,-3.8413,-4.7609,67.4739,72.4302,1.7328,2.5752,304.21940928,4.7599,7.0115,932.32758621,300666,24500,江丰电子,80100524,光大证券股份有限公司深圳金田路证券营业部,2017-09-25,300666.XSHE
81,31812400.07,0,31812400.07,39.8,日涨幅偏离值达到7%的前五只证券,10.0055,31812400.07,-27.0101,-31.4528,-25.5276,-29.661,-5.4774,-8.9104,466.14509246,466.14509246,-37.4623,-40.2421,-9.397,-13.8015,-33.6432,-35.6901,-15.1759,-19.8789,466.14509246,-20.0251,-23.0751,466.14509246,002895,0,川恒股份,80100524,光大证券股份有限公司深圳金田路证券营业部,2017-09-22,002895.XSHE
82,31812400.07,0,31812400.07,39.8,日换手率达到20%的前五只证券,10.0055,31812400.07,-27.0101,-31.4528,-25.5276,-29.661,-5.4774,-8.9104,466.14509246,466.14509246,-37.4623,-40.2421,-9.397,-13.8015,-33.6432,-35.6901,-15.1759,-19.8789,466.14509246,-20.0251,-23.0751,466.14509246,002895,0,川恒股份,80100524,光大证券股份有限公司深圳金田路证券营业部,2017-09-22,002895.XSHE
83,20906404,16303773.5,20906404,40.1,日跌幅偏离值达到7%的前五只证券,-8.6976,4602630.5,0.1247,-0.2221,-3.7656,2.6654,0.4489,-0.0494,40.40616246,50.97891553,23.192,20.5084,-3.7905,-2.69,9.0773,6.8361,-0.7731,-1.5548,58.49802372,6.808,6.8608,38.03786563,002192,16303773.5,融捷股份,80100524,光大证券股份有限公司深圳金田路证券营业部,2017-09-21,002192.XSHE
84,13468730,115506,13468730,18.84,日换手率达到20%的前五只证券,-3.8776,13353224,-12.3673,-10.3542,-15.1805,-12.9155,-3.4501,-0.8719,33.10974532,71.8545057,-3.1847,-0.7084,-9.0234,-7.3569,9.5011,13.2425,-11.0403,-7.7384,42.79779352,-12.5265,-9.6458,54.97844949,002742,115506,三圣股份,80100524,光大证券股份有限公司深圳金田路证券营业部,2017-09-21,002742.XSHE
85,37121784.06,0,37121784.06,9.48,日振幅值达到15%的前五只证券,3.0435,37121784.06,10.0211,6.8718,4.5359,1.641,4.9578,-1.5385,3.04347826,19.88349809,1.7932,-0.4103,5.0633,1.0256,0.4219,-2.4615,4.7468,-0.4103,3.04347826,5.3797,0.5128,19.88349809,002509,0,天广中茂,80100524,光大证券股份有限公司深圳金田路证券营业部,2017-09-20,002509.XSHE
86,16091103,169002,16091103,19.6,日换手率达到20%的前五只证券,3.321,15922101,-14.6939,-14.1158,-20.1531,-20.2172,-3.8776,-5.1189,38.47935289,78.46317576,-7.9082,-7.0838,-7.1939,-5.9462,5.3061,5.9979,-12.551,-12.0993,48.55821407,-11.7347,-10.5998,61.03256728,002742,169002,三圣股份,80100524,光大证券股份有限公司深圳金田路证券营业部,2017-09-20,002742.XSHE
87,16421889,,16421889,32.14,有价格涨跌幅限制的日收盘价格跌幅偏离值达到7%的前三只证券,-8.1714,16421889,0.4978,2.3065,-0.0311,0.7899,-0.4045,-0.4107,6.63570006,117.60324946,-6.5961,-4.5814,-1.4312,0.3476,-2.1469,0.0316,-1.7424,-0.2212,22.6249523,-0.809,1.0427,49.28007408,600260,,凯乐科技,80100524,光大证券股份有限公司深圳金田路证券营业部,2017-09-20,600260.XSHG
88,,24193848,,10.49,有价格涨跌幅限制的日收盘价格跌幅偏离值达到7%的前三只证券,-8.941,-24193848,-3.3365,-2.9722,-4.5758,-3.164,-1.7159,-1.6299,-0.19029499,15.50124185,-10.1049,-10.0671,-3.7178,-3.164,-13.7274,-13.1352,-6.673,-6.6155,8.47983451,-6.7684,-6.232,-13.50071472,600293,24193848,三峡新材,80100524,光大证券股份有限公司深圳金田路证券营业部,2017-09-19,600293.XSHG
89,94707242.2,0,94707242.2,180.4,日涨幅偏离值达到7%的前五只证券,10,94707242.2,2.816,3.6415,-2.9933,-1.4734,8.6475,7.563,83.6506159,1348.99598394,5.7151,7.2101,5.5987,5.8824,24.5787,24.3697,2.7328,2.577,86.7494824,-4.878,-4.5938,326.47754137,300618,0,寒锐钴业,80100524,光大证券股份有限公司深圳金田路证券营业部,2017-09-18,300618.XSHE
90,703627,25958498.82,703627,47.9,日跌幅偏离值达到7%的前五只证券,-6.2072,-25254871.82,-2.3591,-0.9066,-3.7161,-3.015,1.3152,-0.9066,100.67029744,1208.7431694,-9.1858,-9.8039,-2.2756,-2.2138,-15.7505,-15.3801,-5.5532,-5.6715,1208.7431694,7.0981,5.2077,1208.7431694,300675,25958498.82,建科院,80100524,光大证券股份有限公司深圳金田路证券营业部,2017-09-18,300675.XSHE
91,703627,25958498.82,703627,47.9,日换手率达到20%的前五只证券,-6.2072,-25254871.82,-2.3591,-0.9066,-3.7161,-3.015,1.3152,-0.9066,100.67029744,1208.7431694,-9.1858,-9.8039,-2.2756,-2.2138,-15.7505,-15.3801,-5.5532,-5.6715,1208.7431694,7.0981,5.2077,1208.7431694,300675,25958498.82,建科院,80100524,光大证券股份有限公司深圳金田路证券营业部,2017-09-18,300675.XSHE
92,1106154,50605433.89,1106154,174.4,日振幅值达到15%的前五只证券,1.1132,-49499279.89,-1.9954,0.1765,-7.4255,-5.2941,4.9197,6,50.47454702,1178.59237537,-5.1032,-3.1118,0.2752,2.7824,13.9736,17.2941,0.3498,0.8824,1178.59237537,1.0608,2.3529,1178.59237537,300676,50605433.89,华大基因,80100524,光大证券股份有限公司深圳金田路证券营业部,2017-09-18,300676.XSHE
93,26514902.4,1019948,26514902.4,51.07,日涨幅偏离值达到7%的前五只证券,9.9935,25494954.4,-16.7417,-11.22,-7.2254,-8,-6.2072,-5.14,158.05962607,1295.35519126,-18.5236,-16.4,-4.9736,-6,-22.1565,-19.8698,-8.3415,-7.24,1295.35519126,-5.2281,-3.2,1295.35519126,300675,1019948,建科院,80100524,光大证券股份有限公司深圳金田路证券营业部,2017-09-15,300675.XSHE
94,26514902.4,1019948,26514902.4,51.07,日换手率达到20%的前五只证券,9.9935,25494954.4,-16.7417,-11.22,-7.2254,-8,-6.2072,-5.14,158.05962607,1295.35519126,-18.5236,-16.4,-4.9736,-6,-22.1565,-19.8698,-8.3415,-7.24,1295.35519126,-5.2281,-3.2,1295.35519126,300675,1019948,建科院,80100524,光大证券股份有限公司深圳金田路证券营业部,2017-09-15,300675.XSHE
95,25659481,52116288.38,25659481,22.61,日换手率达到20%的前五只证券,1.3901,-26456807.38,-12.0743,-11.2868,-14.7722,-15.5907,2.8306,-0.0878,40.00000001,20.26595827,-16.2318,-17.8744,2.0345,1.8884,-28.1291,-28.5463,6.8111,3.0742,63.24909858,-5.8381,-6.9829,27.02247278,000762,52116288.38,西藏矿业,80100524,光大证券股份有限公司深圳金田路证券营业部,2017-09-15,000762.XSHE
96,296491,29092910.25,28143172.54,28.55,连续三个交易日内，涨幅偏离值累计达到20%的证券,2.2931,-949737.710000001,-25.4991,-22.4695,-20.5604,-19.0596,-5.0788,-3.0869,23.80745882,43.3232935,-25.0088,-21.8952,-7.7408,-5.42,-19.4396,-19.7416,-6.62,-5.9584,23.80745882,-15.6567,-14.3216,23.80745908,000935,29092910.25,四川双马,80100524,光大证券股份有限公司深圳金田路证券营业部,2017-09-14,000935.XSHE
97,51182506,323910,51182506,22.3,日换手率达到20%的前五只证券,-3.5884,50858596,-9.6413,-10.9051,-13.5426,-15.2759,1.3901,0.5298,42.94871795,18.17700133,-17.7578,-19.6468,4.2601,0.4415,-23.6771,-24.2384,3.4529,2.4283,59.85663083,-1.9283,-4.8124,23.61419153,000762,323910,西藏矿业,80100524,光大证券股份有限公司深圳金田路证券营业部,2017-09-14,000762.XSHE
98,9553436.73,0,9553436.73,9.64,日涨幅偏离值达到7%的前五只证券,10.0457,9553436.73,-8.4025,-3.5987,-11.6183,-7.1974,-3.527,-1.1996,30.62330622,42.18289089,-15.0415,-10.9051,-1.556,0.7634,-22.8216,-18.6478,-4.5643,0.2181,1.04821802,-7.8838,-3.2715,7.23025584,002109,0,兴化股份,80100524,光大证券股份有限公司深圳金田路证券营业部,2017-09-14,002109.XSHE
99,51146955.49,435941,51146955.49,21.89,日涨幅偏离值达到7%的前五只证券,10,50711014.49,-10.233,-13.8926,-16.857,-20.0178,-4.5226,-7.3236,67.48278501,225.81543991,-24.3033,-26.4092,-5.4363,-9.8535,-21.3796,-24.7226,-6.5327,-9.5872,162.470024,-4.1571,-7.5455,219.66797882,002497,435941,雅化集团,80100524,光大证券股份有限公司深圳金田路证券营业部,2017-09-13,002497.XSHE
100,27846681.54,0,27846681.54,27.91,日涨幅偏离值达到7%的前五只证券,10.0118,27846681.54,-19.8495,-28.0822,-19.2762,-27.332,2.2931,-9.1324,21.0320902,54.11374963,-22.5009,-29.6477,-2.9022,-11.9374,-14.3676,-23.0267,-5.6252,-14.0574,21.0320902,-10.2114,-18.5584,21.03209045,000935,0,四川双马,80100524,光大证券股份有限公司深圳金田路证券营业部,2017-09-13,000935.XSHE
101,546405,64661903,546405,23.13,日换手率达到20%的前五只证券,2.8457,-64115498,-9.1656,-10.4922,-13.1863,-13.6442,-3.5884,-2.2021,48.26923076,22.25158644,-21.2278,-21.114,-2.2482,-1.6839,-26.3294,-26.8998,0.5188,-1.7703,74.82993197,4.4099,1.3385,28.92976676,000762,64661903,西藏矿业,80100524,光大证券股份有限公司深圳金田路证券营业部,2017-09-13,000762.XSHE
102,72691130.5,7810432,65769658.5,22.49,日换手率达到20%的前五只证券,9.334,59098608.5,-6.7141,-5.1364,-10.1378,-8.9545,2.8457,5.2727,44.16666666,10.24509804,-16.9409,-14.7273,-0.8448,2.9545,-24.2775,-22.5455,0.5336,3.5,64.88269795,2.5789,5.4545,25.36231885,000762,6671050,西藏矿业,80100524,光大证券股份有限公司深圳金田路证券营业部,2017-09-12,000762.XSHE
103,72691130.5,7810432,72691130.5,22.49,连续三个交易日内，涨幅偏离值累计达到20%的证券,9.334,64880698.5,-6.7141,-5.1364,-10.1378,-8.9545,2.8457,5.2727,44.16666666,10.24509804,-16.9409,-14.7273,-0.8448,2.9545,-24.2775,-22.5455,0.5336,3.5,64.88269795,2.5789,5.4545,25.36231885,000762,7810432,西藏矿业,80100524,光大证券股份有限公司深圳金田路证券营业部,2017-09-12,000762.XSHE
104,51399,13278298.95,51399,62.96,日换手率达到20%的前五只证券,-7.2344,-13226899.95,-14.136,-11.8576,-12.8018,-9.5294,0.9053,4.0911,151.13681691,337.52605976,-12.6588,-8.8641,-2.2395,1.4469,-17.2649,-13.3877,-7.3698,-5.2054,337.52605976,-8.418,-5.7043,337.52605976,300689,13278298.95,澄天伟业,80100524,光大证券股份有限公司深圳金田路证券营业部,2017-09-12,300689.XSHE
105,,20953542.14,,71.28,有价格涨跌幅限制的日换手率达到20%的前三只证券,4.5315,-20953542.14,-10.8165,-4.8626,-8.4035,-3.3374,-9.9467,-4.5304,372.36580517,372.36580517,-20.4686,-15.4334,-9.133,-4.5757,-30.7099,-24.5394,-6.1728,-0.5134,372.36580517,-15.2217,-11.2806,372.36580517,603079,20953542.14,圣达生物,80100524,光大证券股份有限公司深圳金田路证券营业部,2017-09-11,603079.XSHG
106,71205529,18201985.22,71205529,172.48,连续三个交易日内，涨幅偏离值累计达到20%的证券,10,53003543.78,-1.49,3.9244,-1.09,3.3309,1.1132,2.9554,91.15593483,1164.51612903,-4.7252,0.212,6.0877,9.1328,18.1528,24.2188,1.3915,5.82,1164.51612903,-5.0904,-0.0787,1164.51612903,300676,18201985.22,华大基因,80100524,光大证券股份有限公司深圳金田路证券营业部,2017-09-08,300676.XSHE
107,71205529,18201985.22,52416409,172.48,日涨幅偏离值达到7%的前五只证券,10,34869513,-1.49,3.9244,-1.09,3.3309,1.1132,2.9554,91.15593483,1164.51612903,-4.7252,0.212,6.0877,9.1328,18.1528,24.2188,1.3915,5.82,1164.51612903,-5.0904,-0.0787,1164.51612903,300676,17546896,华大基因,80100524,光大证券股份有限公司深圳金田路证券营业部,2017-09-08,300676.XSHE
108,50760,2609280.2,50760,28.35,日涨幅偏离值达到7%的前五只证券,6.7797,-2558520.2,-6.7372,-7.7739,-10.8642,-7.2085,-2.0459,-1.8728,9.33281913,-19.36860068,-10.8995,-10.4594,-3.5273,-3.3216,-15.3439,-14.947,-4.8677,-6.3604,5.27292982,-6.6667,-6.9611,-16.42099056,000048,2609280.2,康达尔,80100524,光大证券股份有限公司深圳金田路证券营业部,2017-09-07,000048.XSHE
109,92056,20003328,92056,98.16,日换手率达到20%的前五只证券,3.6427,-19911272,-27.3737,-25.7988,-26.2429,-26.2008,-9.1178,-12.3789,813.11627907,813.11627907,-28.535,-28.2622,-0.0306,-0.0206,-34.6985,-33.0653,-5.2567,-3.9786,813.11627907,-13.3863,-11.8738,813.11627907,300688,20003328,创业黑马,80100524,光大证券股份有限公司深圳金田路证券营业部,2017-09-07,300688.XSHE
110,49858669,4258,49858669,21.85,日跌幅偏离值达到7%的前五只证券,-6.0619,49854411,-3.8444,-3.7615,-7.2311,-6.9725,-2.0595,-2.1101,31.7058469,13.99865122,-5.3089,-5.7339,-2.1053,-2.844,,,-2.4714,-1.789,31.7058469,-1.1899,-0.6422,5.93869815,300278,4258,华昌达,80100524,光大证券股份有限公司深圳金田路证券营业部,2017-09-06,300278.XSHE
111,37231712.86,33977498.9,37231712.86,45.83,日涨幅偏离值达到7%的前五只证券,10.0096,3254213.96,-6.8296,-10.7814,-12.5245,-16.6527,-2.4438,-9.674,67.20175118,-16.82533744,-7.3096,-12.9336,-10.2335,-13.6649,-18.3068,-22.3987,-8.2261,-13.1425,53.02170284,-7.5715,-12.2858,30.91298413,300496,33977498.9,中科创达,80100524,光大证券股份有限公司深圳金田路证券营业部,2017-09-06,300496.XSHE
112,18941928,17324,18941928,94.71,日换手率达到20%的前五只证券,10,18924604,-24.6859,-29.1111,-26.5547,-30.2929,3.6427,-2,781.02325581,781.02325581,-27.1038,-30.9596,-5.8072,-14.1313,-30.2291,-34.1616,3.611,-2.0202,781.02325581,-1.2776,-7.5657,781.02325581,300688,17324,创业黑马,80100524,光大证券股份有限公司深圳金田路证券营业部,2017-09-06,300688.XSHE
113,22980000,0,22980000,7.66,连续三个交易日内，涨幅偏离值累计达到20%的证券,10.0575,22980000,7.3107,4.1825,-1.6971,-3.6755,10.0522,17.4905,33.21739131,4.48737985,-1.0444,-4.6895,18.5379,18.251,-9.9217,-12.6743,12.0104,13.9417,33.21739131,16.188,10.0127,9.9329762,300198,0,纳川股份,80100524,光大证券股份有限公司深圳金田路证券营业部,2017-09-05,300198.XSHE
114,22980000,0,22980000,7.66,日涨幅偏离值达到7%的前五只证券,10.0575,22980000,7.3107,4.1825,-1.6971,-3.6755,10.0522,17.4905,33.21739131,4.48737985,-1.0444,-4.6895,18.5379,18.251,-9.9217,-12.6743,12.0104,13.9417,33.21739131,16.188,10.0127,9.9329762,300198,0,纳川股份,80100524,光大证券股份有限公司深圳金田路证券营业部,2017-09-05,300198.XSHE
115,33643981.23,102860,33643981.23,41.66,日涨幅偏离值达到7%的前五只证券,10.0079,33541121.23,-2.7844,-4.943,-6.001,-6.8203,10.0096,13.7357,51.98832542,-24.29732224,-0.24,-0.4753,7.3212,2.7329,-10.8257,-12.0722,-1.2482,-1.8061,38.03843605,5.4969,0.7605,19.00141652,300496,102860,中科创达,80100524,光大证券股份有限公司深圳金田路证券营业部,2017-09-05,300496.XSHE
116,148420,39908850,148420,157.77,日振幅值达到15%的前五只证券,2.822,-39760430,24.2315,21.1433,14.724,13.4646,10.0019,14.2028,56.75111773,1167.22891566,18.8312,17.3386,8.3856,8.5557,19.8073,18.5627,9.0195,7.2623,114.65306122,3.9488,3.4766,1167.22891566,300618,39908850,寒锐钴业,80100524,光大证券股份有限公司深圳金田路证券营业部,2017-09-05,300618.XSHE
117,22689,14564070.56,22689,79.17,日涨幅偏离值达到7%的前五只证券,10.0042,-14541381.56,3.903,-2.0252,-11.3427,-11.8868,10.0038,15.0943,335.23914239,908.53503185,-12.5932,-14.4654,14.6899,10.6918,7.5028,6.9182,4.5724,3.7736,908.53503185,3.5241,-3.5849,908.53503185,300678,14564070.56,中科信息,80100524,光大证券股份有限公司深圳金田路证券营业部,2017-09-05,300678.XSHE
118,15308000,0,15308000,71.97,日换手率达到20%的前五只证券,3.4349,15308000,6.8223,14.4638,-2.7095,1.6087,10.0042,15.2174,335.12696493,816.81528662,-6.4471,-3.1159,21.0088,32.6087,13.8391,16.3768,26.1637,27.5362,816.81528662,26.5388,26.9565,816.81528662,300678,0,中科信息,80100524,光大证券股份有限公司深圳金田路证券营业部,2017-09-04,300678.XSHE
119,48704645,120020,48704645,36,日涨幅偏离值达到7%的前五只证券,9.9908,48584625,-9.1944,-11.8919,-13.75,-16.9459,0.4167,-5.4054,72.00191113,44,-10.3056,-13.5135,1.3611,-3.4865,-19.8333,-21.8108,-4.9444,-7.0541,88.18609514,-2.4722,-5.9459,68.38166511,002362,120020,汉王科技,80100524,光大证券股份有限公司深圳金田路证券营业部,2017-09-04,002362.XSHE
120,37534734.88,,37534734.88,6.24,有价格涨跌幅限制的日收盘价格涨幅偏离值达到7%的前三只证券,10.0529,37534734.88,-6.25,-10,-12.0192,-15.6923,-2.5641,-6.6154,64.64379948,146.34820465,2.8846,2.7692,-3.6859,-9.3846,0.641,-4,-3.0449,-8.7692,109.3959731,-2.7244,-8.6154,81.03398322,600231,,凌钢股份,80100524,光大证券股份有限公司深圳金田路证券营业部,2017-09-01,600231.XSHG
121,21380521,,21380521,34.69,非ST、*ST和S证券连续三个交易日内收盘价格涨幅偏离值累计达到20%的证券,9.9873,21380521,-5.2753,-9.1915,-13.3468,-15.773,6.2842,-1.2766,232.27969349,232.27969349,-22.0813,-23.4043,-4.3528,-11.5461,-26.6936,-27.8014,-1.1242,-6.8085,232.27969349,-7.3796,-10.922,232.27969349,603357,,设计总院,80100524,光大证券股份有限公司深圳金田路证券营业部,2017-08-31,603357.XSHG
122,,17601686,,36.28,有价格涨跌幅限制的日换手率达到20%的前三只证券,-2.1839,-17601686,-8.3793,-7.6664,-10.3363,-7.891,-4.2172,-5.3637,55.5079297,222.20248668,-2.9768,-1.3479,-11.0805,-9.8568,-10.0882,-8.9862,-10.8049,-10.4465,222.20248668,-12.1555,-11.5417,222.20248668,603042,17601686,华脉科技,80100524,光大证券股份有限公司深圳金田路证券营业部,2017-08-31,603042.XSHG
123,29499099,25773498.5,29499099,139.49,日涨幅偏离值达到7%的前五只证券,9.9992,3725600.5,17.5712,14.5211,22.9479,20.2183,10.0007,9.8592,37.42857143,1020.40160643,38.8343,37.6408,13.1049,11.6127,34.0455,31.6901,24.4175,27.4648,86.68361884,23.3063,19.7183,1020.40160643,300618,25773498.5,寒锐钴业,80100524,光大证券股份有限公司深圳金田路证券营业部,2017-08-30,300618.XSHE
124,18378882,,18378882,37.09,有价格涨跌幅限制的日换手率达到20%的前三只证券,9.9941,18378882,-14.4783,-9.2869,-11.4047,-5.6929,-2.1839,2.3864,58.97985426,229.39609236,-2.5883,2.0702,-6.309,-3.1052,-9.76,-4.5428,-13.0224,-7.7056,229.39609236,-15.0984,-9.7757,229.39609236,603042,,华脉科技,80100524,光大证券股份有限公司深圳金田路证券营业部,2017-08-30,603042.XSHG
125,25362000,25362,25362000,126.81,日涨幅偏离值达到7%的前五只证券,10.0017,25336638,33.1835,31.5189,46.1478,44.0258,9.9992,11.6967,24.93596059,918.55421687,53.2292,54.0785,20.9999,22.709,34.0431,32.3842,24.4145,24.6677,69.71359743,34.8474,35.3339,918.55421687,300618,25362,寒锐钴业,80100524,光大证券股份有限公司深圳金田路证券营业部,2017-08-29,300618.XSHE
126,0,24781120.54,0,14.43,日涨幅偏离值达到7%的前五只证券,9.9848,-24781120.54,4.6431,4.1001,-2.079,-1.5983,-1.4553,-3.7526,9.9847561,-5.80372177,-7.4151,-6.6018,8.3853,11.1883,-4.4352,-3.9611,12.2661,9.9375,9.9847561,7.0686,6.3933,9.9847577,300440,24781120.54,运达科技,80100524,光大证券股份有限公司深圳金田路证券营业部,2017-08-29,300440.XSHE
127,6081912,0,6081912,9.99,连续三个交易日内，跌幅偏离值累计达到12%的ST证券、*ST证券和未完成股改证券,-5.038,6081912,-2.6026,1.0417,-0.2002,3.9583,0.9009,1.6667,-33.57712766,-28.33572418,4.7047,7.3958,-2.5025,1.4583,0.1001,3.75,-1.2012,2.8125,-33.57712766,-2.7027,1.1458,-33.5771273,000613,0,*ST东海A,80100524,光大证券股份有限公司深圳金田路证券营业部,2017-08-28,000613.XSHE
128,9309000,,9309000,31.01,有价格涨跌幅限制的日收盘价格跌幅偏离值达到7%的前三只证券,-10.0116,9309000,17.188,20.9403,20.4128,24.3748,1.6446,4.8016,-13.23447118,212.28600201,25.6046,30.0433,4.6759,7.7026,37.504,39.2131,6.8365,10.0367,97.13922441,8.2876,10.1034,212.28600201,603320,,迪贝电气,80100524,光大证券股份有限公司深圳金田路证券营业部,2017-08-04,603320.XSHG
129,9309000,,9309000,31.01,有价格涨跌幅限制的日换手率达到20%的前三只证券,-10.0116,9309000,17.188,20.9403,20.4128,24.3748,1.6446,4.8016,-13.23447118,212.28600201,25.6046,30.0433,4.6759,7.7026,37.504,39.2131,6.8365,10.0367,97.13922441,8.2876,10.1034,212.28600201,603320,,迪贝电气,80100524,光大证券股份有限公司深圳金田路证券营业部,2017-08-04,603320.XSHG
130,709876,,709876,34.46,有价格涨跌幅限制的日收盘价格跌幅偏离值达到7%的前三只证券,-10.0026,709876,8.7057,19.3163,6.094,17.3815,-10.0116,-3.2893,-3.09336333,247.02920443,13.8712,28.1522,-8.5316,1.3544,15.5833,28.2812,-5.8038,4.1599,140.97902098,-2.5247,9.2551,247.02920443,603320,,迪贝电气,80100524,光大证券股份有限公司深圳金田路证券营业部,2017-08-03,603320.XSHG
131,64911184.38,121606622.19,64911184.38,27.49,有价格涨跌幅限制的日价格振幅达到15%的前三只证券,6.0162,64911184.38,8.5849,9.2593,6.4387,7.037,3.7468,7.3333,131.00840336,177.0901814,16.4787,18.5185,2.1462,7.4074,24.7726,25.5926,12.3681,19.6296,208.08460881,24.227,27.8148,208.42960841,600516,,方大炭素,80100524,光大证券股份有限公司深圳金田路证券营业部,2017-07-25,600516.XSHG
132,29470960.23,,29470960.23,11.02,非ST、*ST和S证券连续三个交易日内收盘价格涨幅偏离值累计达到20%的证券,9.98,29470960.23,9.1652,-1.9312,36.3884,21.9983,4.265,-5.7095,56.53409092,107.46872769,15.8802,10.4114,0.9982,-7.8086,30.127,18.8077,-0.2722,-9.3199,72.62904723,-1.6334,-10.3275,40.52684757,600507,,方大特钢,80100524,光大证券股份有限公司深圳金田路证券营业部,2017-07-19,600507.XSHG
133,0,3575622.44,0,16.3,日跌幅偏离值达到7%的前五只证券,-9.9945,-3575622.44,-3.5583,-2.1263,-3.681,-1.8136,-9.9387,-9.9437,-14.74895397,-59.15803566,-7.7914,-5.8787,-7.7301,-6.5666,2.0859,3.7523,-8.0368,-6.8168,-41.18140541,-8.7117,-6.8168,-48.46194327,300379,3575622.44,东方通,80100524,光大证券股份有限公司深圳金田路证券营业部,2017-07-14,300379.XSHE
134,88689228.39,248839,88689228.39,26.48,日涨幅偏离值达到7%的前五只证券,10.0125,88440389.39,-7.7417,-6.6897,-4.4562,-4.4598,-3.5498,-2.4221,29.17077876,12.92867444,-12.1601,-10.496,-5.5891,-3.268,-14.0106,-12.3414,-4.9849,-3.8831,23.22014726,-7.213,-5.5363,30.44339727,000002,248839,万科A,80100524,光大证券股份有限公司深圳金田路证券营业部,2017-06-26,000002.XSHE
135,6683351,15428782.16,21596535,50.55,连续三个交易日内，涨幅偏离值累计达到20%的证券,10.0109,6073486.84,-1.8793,-1.149,4.2928,2.4762,-6.0336,-7.0127,31.19647028,-4.44234405,-9.001,-7.8843,-1.4243,-4.794,-6.8447,-6.8938,-3.8576,-6.2995,-1.17302053,-5.4204,-6.1609,-10.67326383,000025,15523048.16,特力A,80100524,光大证券股份有限公司深圳金田路证券营业部,2017-06-14,000025.XSHE
136,14913184,94266,14913184,45.33,日涨幅偏离值达到7%的前五只证券,9.9976,14818918,14.1407,14.7826,6.5078,5.1739,1.3677,-0.1739,16.08194622,-20.6824147,8.1844,6.1739,11.5156,9.7391,5.4931,2.4348,4.7871,2.0435,-11.43024619,7.2138,2.8261,-25.56650247,000025,94266,特力A,80100524,光大证券股份有限公司深圳金田路证券营业部,2017-06-12,000025.XSHE
137,37560,17568450,37560,13.48,日涨幅偏离值达到7%的前五只证券,10.0408,-17530890,-7.0475,-3.8931,-12.5371,-10,0.5193,0.7634,7.4103606,-17.04615228,-10.3858,-8.3969,-2.819,0,,,-3.8576,-2.1374,-16.01245947,-4.1543,-1.6794,-29.05263024,300173,17568450,智慧松德,80100524,光大证券股份有限公司深圳金田路证券营业部,2017-06-06,300173.XSHE
138,10109674.38,30143047.24,10109674.38,42.56,有价格涨跌幅限制的日价格振幅达到15%的前三只证券,-5.5482,10109674.38,1.7857,9.9436,-11.1372,-3.0753,-1.6212,10.0974,268.80415945,268.80415945,-9.0461,-3.3829,-6.8844,-2.3834,-11.2312,-3.3573,-11.0902,-3.6392,268.80415945,-12.5,-6.4582,268.80415945,603896,,寿仙谷,80100524,光大证券股份有限公司深圳金田路证券营业部,2017-06-01,603896.XSHG
139,10109674.38,30143047.24,10109674.38,42.56,有价格涨跌幅限制的日换手率达到20%的前三只证券,-5.5482,10109674.38,1.7857,9.9436,-11.1372,-3.0753,-1.6212,10.0974,268.80415945,268.80415945,-9.0461,-3.3829,-6.8844,-2.3834,-11.2312,-3.3573,-11.0902,-3.6392,268.80415945,-12.5,-6.4582,268.80415945,603896,,寿仙谷,80100524,光大证券股份有限公司深圳金田路证券营业部,2017-06-01,603896.XSHG
140,32889074,,32889074,45.06,有价格涨跌幅限制的日换手率达到20%的前三只证券,5.6011,32889074,-12.6054,-15.499,-7.834,-10.3902,-5.5482,-15.887,290.46793761,290.46793761,-14.1367,-16.426,-7.0794,-7.3938,-14.6028,-17.4391,-12.0506,-17.8918,290.46793761,-11.7621,-15.8655,290.46793761,603896,,寿仙谷,80100524,光大证券股份有限公司深圳金田路证券营业部,2017-05-31,603896.XSHG
141,32889074,,32889074,45.06,非ST、*ST和S证券连续三个交易日内收盘价格涨幅偏离值累计达到20%的证券,5.6011,32889074,-12.6054,-15.499,-7.834,-10.3902,-5.5482,-15.887,290.46793761,290.46793761,-14.1367,-16.426,-7.0794,-7.3938,-14.6028,-17.4391,-12.0506,-17.8918,290.46793761,-11.7621,-15.8655,290.46793761,603896,,寿仙谷,80100524,光大证券股份有限公司深圳金田路证券营业部,2017-05-31,603896.XSHG
142,50457811.1,,50457811.1,12.36,非ST、*ST和S证券连续三个交易日内收盘价格跌幅偏离值累计达到20%的证券,-9.1844,50457811.1,-9.5469,-7.977,-4.6117,-3.2895,-2.7508,-2.5493,-40.4050141,-1.6706438,-6.6343,-5.4276,-11.9741,-9.7039,-6.2298,-5.0164,-11.0032,-9.6217,-40.4050141,-8.2524,-7.4013,-29.25014268,600735,,新华锦,80100524,光大证券股份有限公司深圳金田路证券营业部,2017-05-26,600735.XSHG
143,,16292184.18,,4.34,非ST、*ST和S证券连续三个交易日内收盘价格跌幅偏离值累计达到20%的证券,-7.6596,-16292184.18,2.765,5.6738,-1.8433,0.4728,-2.3041,1.182,-10.88295685,29.55223879,-1.3825,0.7092,-5.0691,-4.0189,2.5346,4.7281,-2.5346,0,-20.80291969,3.9171,7.565,15.73333332,601003,16292184.18,柳钢股份,80100524,光大证券股份有限公司深圳金田路证券营业部,2017-05-11,601003.XSHG
144,178124,87699357.01,178124,39.15,日振幅值达到15%的前五只证券,-6.3173,-87521233.01,-7.152,-6.8312,-18.6462,-18.9351,9.3231,9.0649,151.76848868,232.62531869,-12.235,-12.2857,7.1009,7.7922,-14.9425,-13.7662,12.2605,11.8701,175.8985201,5.3384,5.0649,161.87290974,000856,87699357.01,冀东装备,80100524,光大证券股份有限公司深圳金田路证券营业部,2017-05-10,000856.XSHE
145,178124,87699357.01,178124,39.15,日换手率达到20%的前五只证券,-6.3173,-87521233.01,-7.152,-6.8312,-18.6462,-18.9351,9.3231,9.0649,151.76848868,232.62531869,-12.235,-12.2857,7.1009,7.7922,-14.9425,-13.7662,12.2605,11.8701,175.8985201,5.3384,5.0649,161.87290974,000856,87699357.01,冀东装备,80100524,光大证券股份有限公司深圳金田路证券营业部,2017-05-10,000856.XSHE
146,83228497.41,253493,83228497.41,41.79,日涨幅偏离值达到7%的前五只证券,10.0026,82975004.41,-12.85,-15.7932,-22.6131,-24.4879,-6.3173,-8.2897,168.74598066,237.28813569,-19.3108,-21.2482,2.4168,0.0238,-17.3726,-18.9852,0.335,-1.1434,198.28693786,2.7997,1.4769,183.89945651,000856,253493,冀东装备,80100524,光大证券股份有限公司深圳金田路证券营业部,2017-05-09,000856.XSHE
147,83228497.41,253493,83228497.41,41.79,日换手率达到20%的前五只证券,10.0026,82975004.41,-12.85,-15.7932,-22.6131,-24.4879,-6.3173,-8.2897,168.74598066,237.28813569,-19.3108,-21.2482,2.4168,0.0238,-17.3726,-18.9852,0.335,-1.1434,198.28693786,2.7997,1.4769,183.89945651,000856,253493,冀东装备,80100524,光大证券股份有限公司深圳金田路证券营业部,2017-05-09,000856.XSHE
148,0,9870,0,19.74,无价格涨跌幅限制的证券,43.9825,-9870,100.0507,74.2054,90.9828,68.0792,9.9797,9.9954,43.98249453,43.98249453,89.2604,71.0272,20.9726,21.0041,72.7964,57.9917,33.08,33.1184,43.98249453,61.0436,61.0778,43.98249453,300651,9870,金陵体育,80100524,光大证券股份有限公司深圳金田路证券营业部,2017-05-09,300651.XSHE
149,11334228.34,,11334228.34,18.94,有价格涨跌幅限制的日收盘价格涨幅偏离值达到7%的前三只证券,9.9884,11334228.34,6.5998,6.8013,5.0686,5.101,7.8141,8.6079,-10.74458059,-21.14904247,12.4076,14.1339,0.2112,-0.6376,20.7497,21.3603,-4.4351,-3.2944,-12.59806184,-7.1278,-7.067,-37.47111258,600071,,凤凰光学,80100524,光大证券股份有限公司深圳金田路证券营业部,2017-05-08,600071.XSHG
150,29158352,,29158352,31.34,有价格涨跌幅限制的日价格振幅达到15%的前三只证券,-4.9439,29158352,-4.9138,-8.9062,-16.7518,-18.7188,-5.9668,-9.375,115.39518899,122.86751673,-21.9847,-20.5938,-2.8079,-5.6875,-15.1244,-17.5625,-7.4346,-6.625,106.59195784,2.5207,-2.1875,95.7526546,603616,,韩建河山,80100524,光大证券股份有限公司深圳金田路证券营业部,2017-05-05,603616.XSHG
151,29158352,,29158352,31.34,有价格涨跌幅限制的日换手率达到20%的前三只证券,-4.9439,29158352,-4.9138,-8.9062,-16.7518,-18.7188,-5.9668,-9.375,115.39518899,122.86751673,-21.9847,-20.5938,-2.8079,-5.6875,-15.1244,-17.5625,-7.4346,-6.625,106.59195784,2.5207,-2.1875,95.7526546,603616,,韩建河山,80100524,光大证券股份有限公司深圳金田路证券营业部,2017-05-05,603616.XSHG
152,24933967,17064746,24933967,39.98,日换手率达到20%的前五只证券,0.7815,7869221,3.1516,2.6389,-9.0795,-8.9825,-4.4522,-5.9376,196.8077209,212.09992195,-20.3352,-20.8069,-5.8529,-3.73,-12.3812,-12.1289,-4.9775,-7.257,185.16405125,-2.076,-2.3091,173.46101227,000856,17064746,冀东装备,80100524,光大证券股份有限公司深圳金田路证券营业部,2017-05-03,000856.XSHE
153,16079795.89,38295800.02,16079795.89,39.67,日涨幅偏离值达到7%的前五只证券,10.0111,-22216004.13,8.2934,2.8986,-8.1926,-14.6135,0.7814,-4.8068,194.50631036,209.67993756,-18.4774,-23.43,-3.7056,-10.4589,-13.0073,-16.7874,-5.1172,-8.3575,182.95292429,5.3441,1.401,172.45879119,000856,38295800.02,冀东装备,80100524,光大证券股份有限公司深圳金田路证券营业部,2017-05-02,000856.XSHE
154,36683972,87691,36683972,36.06,日涨幅偏离值达到7%的前五只证券,10.0061,36596281,21.8802,11.5803,0.9706,-5.3109,10.0111,7.2539,144.30894313,176.53374229,-2.3295,-11.9171,10.8708,2.0984,-3.5219,-11.1399,5.9346,-3.9637,157.20399424,5.3522,-5.3109,143.31983807,000856,87691,冀东装备,80100524,光大证券股份有限公司深圳金田路证券营业部,2017-04-28,000856.XSHE
155,36683972,87691,36683972,36.06,日换手率达到20%的前五只证券,10.0061,36596281,21.8802,11.5803,0.9706,-5.3109,10.0111,7.2539,144.30894313,176.53374229,-2.3295,-11.9171,10.8708,2.0984,-3.5219,-11.1399,5.9346,-3.9637,157.20399424,5.3522,-5.3109,143.31983807,000856,87691,冀东装备,80100524,光大证券股份有限公司深圳金田路证券营业部,2017-04-28,000856.XSHE
156,31244565.6,11291,31244565.6,19.61,日涨幅偏离值达到7%的前五只证券,9.9832,31233274.6,14.3804,13.4848,-9.3934,-10.2629,-1.1219,-1.5152,23.95701643,137.69696969,-21.935,-21.6195,8.771,7.9798,-21.0648,-21.9237,16.6752,12.1212,110.40772532,10.3519,10.4545,113.15217394,002307,11291,北新路桥,80100524,光大证券股份有限公司深圳金田路证券营业部,2017-04-27,002307.XSHE
157,41882,51721305.73,41882,10.78,连续三个交易日内，跌幅偏离值累计达到20%的证券,-10.0167,-51679423.73,-20.4082,-19.8688,-18.4575,-17.9922,4.6382,4.3112,-22.83464567,-37.28317651,-16.2286,-14.6143,1.9481,3.8425,-12.5136,-11.987,0.9276,2.6242,-18.27141773,0.1855,0.9372,-32.45614034,002655,51721305.73,共达电声,80100524,光大证券股份有限公司深圳金田路证券营业部,2017-04-27,002655.XSHE
158,0,12627170,0,13.39,日跌幅偏离值达到7%的前五只证券,-8.8496,-12627170,-1.5683,-2.4481,-3.8835,-4.5252,2.0911,0.9644,-15.73316551,-7.1415109,-22.2697,-29.025,3.286,2.7448,-24.0635,-24.5705,2.9873,2.4481,-5.90302179,2.2405,0.5935,-23.31042383,002296,12627170,辉煌科技,80100524,光大证券股份有限公司深圳金田路证券营业部,2017-04-25,002296.XSHE
159,0,33078,,9.14,非ST、*ST和S证券连续三个交易日内收盘价格跌幅偏离值累计达到20%的证券,-10.0394,-40782662,3.5011,4.0359,10.2845,10.9865,-1.9694,1.4574,31.70028819,29.46175637,20.2407,20.1794,-0.4376,-0.1121,16.9584,20.2915,9.5186,18.9462,32.65602322,23.4136,27.0179,38.90577509,600550,40782662,保变电气,80100524,光大证券股份有限公司深圳金田路证券营业部,2017-04-21,600550.XSHG
160,,40749584,,10.16,有价格涨跌幅限制的日收盘价格跌幅偏离值达到7%的前三只证券,-10.0089,-40749584,2.8543,10.9359,0.8858,5.1525,-10.0394,-6.204,48.97360704,43.90934844,10.0394,13.5647,-11.811,-4.837,0.0984,6.4143,-10.4331,-6.3091,49.6318115,8.2677,12.3028,53.93939397,600550,40749584,保变电气,80100524,光大证券股份有限公司深圳金田路证券营业部,2017-04-20,600550.XSHG
161,210764,44672168.2,210764,9.08,日跌幅偏离值达到7%的前五只证券,-8.4677,-44461404.2,24.4493,21.9376,1.3216,1.3363,2.3128,0.2227,34.91827638,3.2345517,6.4978,7.0156,-4.7357,-3.5635,-4.185,-4.2316,-12.0044,-11.2472,45.9807074,-1.8722,-2.5612,33.13782991,300117,44672168.2,嘉寓股份,80100524,光大证券股份有限公司深圳金田路证券营业部,2017-04-19,300117.XSHE
162,1089540,44843476,1089540,31.29,日振幅值达到15%的前五只证券,0.9355,-43753936,9.8114,8.7084,-1.6619,-1.2068,-7.031,-7.3712,97.66266582,115.17445847,-2.1413,0.2609,-13.3589,-7.5995,-17.4497,-14.7423,-8.1176,-8.0235,119.11764706,6.8712,10.8937,90.79268294,300137,44843476,先河环保,80100524,光大证券股份有限公司深圳金田路证券营业部,2017-04-19,300137.XSHE
163,1089540,44843476,1089540,31.29,日换手率达到20%的前五只证券,0.9355,-43753936,9.8114,8.7084,-1.6619,-1.2068,-7.031,-7.3712,97.66266582,115.17445847,-2.1413,0.2609,-13.3589,-7.5995,-17.4497,-14.7423,-8.1176,-8.0235,119.11764706,6.8712,10.8937,90.79268294,300137,44843476,先河环保,80100524,光大证券股份有限公司深圳金田路证券营业部,2017-04-19,300137.XSHE
164,49099465,161967,49099465,9.92,日振幅值达到15%的前五只证券,7.1274,48937498,6.1492,7.5212,-10.0806,-5.7203,-8.4677,-4.8729,47.39970281,14.37922597,6.754,7.839,-6.3508,-4.661,-11.8952,-7.839,-12.8024,-8.2627,57.21077654,-18.3468,-15.7839,48.28101643,300117,161967,嘉寓股份,80100524,光大证券股份有限公司深圳金田路证券营业部,2017-04-18,300117.XSHE
165,49099465,161967,49099465,9.92,日换手率达到20%的前五只证券,7.1274,48937498,6.1492,7.5212,-10.0806,-5.7203,-8.4677,-4.8729,47.39970281,14.37922597,6.754,7.839,-6.3508,-4.661,-11.8952,-7.839,-12.8024,-8.2627,57.21077654,-18.3468,-15.7839,48.28101643,300117,161967,嘉寓股份,80100524,光大证券股份有限公司深圳金田路证券营业部,2017-04-18,300117.XSHE
166,50022680.48,54168,50022680.48,31,日换手率达到20%的前五只证券,2.9216,49968512.48,15.0645,14.3333,-3.871,-1,0.9355,2.2,95.83070118,107.7688045,9.3548,10.9333,-6.1613,-5.3333,-16.5484,-15.0667,-12.5484,-5.5667,114.53287195,-1.9355,-1,93.38739864,300137,54168,先河环保,80100524,光大证券股份有限公司深圳金田路证券营业部,2017-04-18,300137.XSHE
167,287099,40889646.97,287099,20.6,日换手率达到20%的前五只证券,1.5779,-40602547.97,7.3786,12.5758,-2.8155,-2.9798,2.6699,4.596,77.89291884,90.94109868,-1.6019,-0.5051,1.1165,0,-14.2695,-11.6647,-2.1845,1.0101,83.92857142,-12.6699,-10.8081,77.73943055,002457,40889646.97,青龙管业,80100524,光大证券股份有限公司深圳金田路证券营业部,2017-04-14,002457.XSHE
168,40833624.2,1098056,40833624.2,20.28,日涨幅偏离值达到7%的前五只证券,9.9783,39735568.2,5.8679,0.1887,9.6647,4.9057,1.5779,-6.6038,77.11790391,92.42940778,-0.5917,-6.5094,4.2899,-2.3113,-14.3476,-16.9318,2.712,-6.6038,78.20738136,-7.1499,-12.0283,74.22680412,002457,1098056,青龙管业,80100524,光大证券股份有限公司深圳金田路证券营业部,2017-04-13,002457.XSHE
169,40833624.2,1098056,40833624.2,20.28,日振幅值达到15%的前五只证券,9.9783,39735568.2,5.8679,0.1887,9.6647,4.9057,1.5779,-6.6038,77.11790391,92.42940778,-0.5917,-6.5094,4.2899,-2.3113,-14.3476,-16.9318,2.712,-6.6038,78.20738136,-7.1499,-12.0283,74.22680412,002457,1098056,青龙管业,80100524,光大证券股份有限公司深圳金田路证券营业部,2017-04-13,002457.XSHE
170,40833624.2,1098056,40833624.2,20.28,日换手率达到20%的前五只证券,9.9783,39735568.2,5.8679,0.1887,9.6647,4.9057,1.5779,-6.6038,77.11790391,92.42940778,-0.5917,-6.5094,4.2899,-2.3113,-14.3476,-16.9318,2.712,-6.6038,78.20738136,-7.1499,-12.0283,74.22680412,002457,1098056,青龙管业,80100524,光大证券股份有限公司深圳金田路证券营业部,2017-04-13,002457.XSHE
171,65688,84824152.54,65688,21.36,日振幅值达到15%的前五只证券,-8.3262,-84758464.54,7.5375,10.1695,16.1049,18.9346,0.3277,3.7772,94.18181816,170.55206064,-3.2303,0.1937,-3.4644,-2.1792,-22.6592,-19.9516,-0.4213,2.4213,128.93890676,4.2135,8.9104,168.67924526,002302,84824152.54,西部建设,80100524,光大证券股份有限公司深圳金田路证券营业部,2017-04-12,002302.XSHE
172,73610,27819695.6,73610,23.85,日跌幅偏离值达到7%的前五只证券,-10,-27746085.6,6.9182,8.4092,13.6268,13.9575,0.9224,10.5332,33.46390598,2.7158815,1.8868,3.8578,-1.8868,-0.3034,-2.348,0.13,1.7191,4.6814,30.47045952,12.327,12.7005,10.93023256,300075,27819695.6,数字政通,80100524,光大证券股份有限公司深圳金田路证券营业部,2017-04-12,300075.XSHE
173,73610,27819695.6,73610,23.85,日换手率达到20%的前五只证券,-10,-27746085.6,6.9182,8.4092,13.6268,13.9575,0.9224,10.5332,33.46390598,2.7158815,1.8868,3.8578,-1.8868,-0.3034,-2.348,0.13,1.7191,4.6814,30.47045952,12.327,12.7005,10.93023256,300075,27819695.6,数字政通,80100524,光大证券股份有限公司深圳金田路证券营业部,2017-04-12,300075.XSHE
174,29855940,61856,29855940,26.5,日换手率达到20%的前五只证券,8.6066,29794084,-11.283,-8.8845,3.2075,7.9681,-10,-8.0876,48.29322887,21.7722428,-12.0755,-6.5737,-9.1698,1.5936,-13.3962,-8.9641,-11.6981,-8.3665,41.63548905,-7.283,-3.9841,22.68518519,300075,61856,数字政通,80100524,光大证券股份有限公司深圳金田路证券营业部,2017-04-11,300075.XSHE
175,30154,23336605.01,30154,23.17,日跌幅偏离值达到7%的前五只证券,-9.9845,-23306451.01,-21.407,-19.7421,-18.8606,-17.2966,-8.0708,-6.6696,-6.49717514,430.20594966,-25.0755,-24.1885,-9.1066,-11.0716,-28.7441,-27.0342,-12.2572,-8.8484,430.20594966,-24.4281,-27.968,430.20594966,002839,23336605.01,张家港行,80100524,光大证券股份有限公司深圳金田路证券营业部,2017-04-10,002839.XSHE
176,30154,23336605.01,30154,23.17,日换手率达到20%的前五只证券,-9.9845,-23306451.01,-21.407,-19.7421,-18.8606,-17.2966,-8.0708,-6.6696,-6.49717514,430.20594966,-25.0755,-24.1885,-9.1066,-11.0716,-28.7441,-27.0342,-12.2572,-8.8484,430.20594966,-24.4281,-27.968,430.20594966,002839,23336605.01,张家港行,80100524,光大证券股份有限公司深圳金田路证券营业部,2017-04-10,002839.XSHE
177,80851,32679296.73,80851,23.78,连续三个交易日内，跌幅偏离值累计达到20%的证券,-7.1094,-32598445.73,-18.8394,-19.8153,-24.1379,-25.6927,0.7149,0.3359,5.32030259,52.01358156,-19.386,-19.5214,-5.9294,-11.7128,-26.1985,-27.1201,-15.349,-13.5181,35.32871889,-12.8259,-12.2586,12.2602875,300398,32679296.73,飞凯材料,80100524,光大证券股份有限公司深圳金田路证券营业部,2017-04-05,300398.XSHE
178,5666706,32554701.9,5666706,29.95,日振幅值达到15%的前五只证券,1.6978,-26887995.9,-40.2671,-37.3961,-40.1002,-39.3698,-4.5075,-6.5097,30.2173913,585.35469108,-36.2938,-34.903,-14.0568,-15.1662,-38.9983,-39.2313,-22.6377,-22.126,585.35469108,-29.6828,-30.7479,585.35469108,002839,32554701.9,张家港行,80100524,光大证券股份有限公司深圳金田路证券营业部,2017-04-05,002839.XSHE
179,245220,27978371.97,245220,18.41,日跌幅偏离值达到7%的前五只证券,-9.9756,-27733151.97,7.9848,10.6009,-11.5155,-7.9365,4.6171,7.4263,24.56021652,30.56737589,-4.9973,-1.9274,3.748,6.1224,-11.4612,-9.9206,6.0837,11.8481,54.1876047,18.3053,24.6032,40.85692426,002246,27978371.97,北化股份,80100524,光大证券股份有限公司深圳金田路证券营业部,2017-03-31,002246.XSHE
180,193554,27538057,193554,23.86,日跌幅偏离值达到7%的前五只证券,-9.9962,-27344503,-7.4183,-3.7778,-20.6203,-16,-4.233,1.0667,23.626943,88.13677662,-12.7829,-9.4222,-1.5926,0.7556,-17.1836,-13.2889,-3.6044,0.4,15.88149588,-1.5088,2.2222,66.85314685,002040,27538057,南京港,80100524,光大证券股份有限公司深圳金田路证券营业部,2017-03-31,002040.XSHE
181,0,42610666.92,0,74.32,日跌幅偏离值达到7%的前五只证券,-10.0024,-42610666.92,-18.1243,-15.5772,-12.0694,-12.3505,-1.7626,1.1127,31.56310851,364.79049406,-5.8531,-3.491,-3.5522,-0.2782,-1.7761,0.6398,-3.1755,-3.338,364.79049406,-5.9473,-3.7135,364.79049406,002845,42610666.92,同兴达,80100524,光大证券股份有限公司深圳金田路证券营业部,2017-03-31,002845.XSHE
182,28964245.87,173944,28964245.87,20.45,连续三个交易日内，涨幅偏离值累计达到20%的证券,8.3731,28790301.87,-2.7384,-5.2,-23.7164,-22.8,-9.9756,-11.8,38.36265223,45.03546098,-13.3007,-12.7,-5.8191,-5.25,-24.0098,-23.2,-6.6015,-6.4,71.99327165,-3.1785,-3.5,56.46518744,002246,173944,北化股份,80100524,光大证券股份有限公司深圳金田路证券营业部,2017-03-30,002246.XSHE
183,40180000,313191.38,40180000,20.09,日涨幅偏离值达到7%的前五只证券,10.0219,39866808.62,2.6381,0.5976,20.3584,17.2809,4.6789,1.4442,80.99099098,163.07499091,18.7158,18.8247,-0.4978,-5.3785,-0.0996,-1.6434,0.2987,0.0498,171.48648643,-0.448,-2.7888,159.56072352,002302,313191.38,西部建设,80100524,光大证券股份有限公司深圳金田路证券营业部,2017-03-29,002302.XSHE
184,33272206.85,55732,33272206.85,29.59,日换手率达到20%的前五只证券,-2.472,33216474.85,-28.4894,-33.8079,-40.8246,-42.8477,-6.5563,-16.7881,35.71943485,94.8569472,-35.8567,-37.8808,-13.4843,-20.3311,-44.2717,-45.8609,-19.635,-21.1258,80.91187492,-24.4001,-30.3642,39.68805328,300398,55732,飞凯材料,80100524,光大证券股份有限公司深圳金田路证券营业部,2017-03-29,300398.XSHE
185,45767040,264000,45767040,82.5,日涨幅偏离值达到7%的前五只证券,10,45503040,-17.9515,-19.4108,-26.8485,-27.6374,-1.6485,-2.8979,46.04354753,415.94746717,-17.3333,-19.1714,0.097,-4.1911,-8.0606,-9.8312,-9.9152,-13.9025,415.94746717,-13.1152,-14.142,415.94746717,002845,264000,同兴达,80100524,光大证券股份有限公司深圳金田路证券营业部,2017-03-28,002845.XSHE
186,45767040,264000,45767040,82.5,日换手率达到20%的前五只证券,10,45503040,-17.9515,-19.4108,-26.8485,-27.6374,-1.6485,-2.8979,46.04354753,415.94746717,-17.3333,-19.1714,0.097,-4.1911,-8.0606,-9.8312,-9.9152,-13.9025,415.94746717,-13.1152,-14.142,415.94746717,002845,264000,同兴达,80100524,光大证券股份有限公司深圳金田路证券营业部,2017-03-28,002845.XSHE
187,45767040,264000,45767040,82.5,连续三个交易日内，涨幅偏离值累计达到20%的证券,10,45503040,-17.9515,-19.4108,-26.8485,-27.6374,-1.6485,-2.8979,46.04354753,415.94746717,-17.3333,-19.1714,0.097,-4.1911,-8.0606,-9.8312,-9.9152,-13.9025,415.94746717,-13.1152,-14.142,415.94746717,002845,264000,同兴达,80100524,光大证券股份有限公司深圳金田路证券营业部,2017-03-28,002845.XSHE
188,34136134,48496,34136134,61.94,连续三个交易日内，涨幅偏离值累计达到12%的ST证券、*ST证券和未完成股改证券,5.0008,34087638,-2.0827,-3.0958,-9.8644,-5.4821,5.0048,6.4173,46.81204078,150.66774587,3.1159,6.4173,7.6203,7.4815,2.4863,2.5153,3.9716,2.4025,180.01808316,4.4236,6.3367,180.01808316,000710,48496,*ST天仪,80100524,光大证券股份有限公司深圳金田路证券营业部,2017-03-17,000710.XSHE
189,81047795.19,32691,81047795.19,54.98,日涨幅偏离值达到7%的前五只证券,10.004,81015104.19,9.4398,10.2019,14.769,14.0753,1.837,1.6548,14.11374014,187.06338632,7.6391,8.0196,6.4023,9.1107,-2.1838,-2.8037,5.1109,4.0189,21.77187154,3.4012,3.6734,0.67753159,300072,32691,三聚环保,80100524,光大证券股份有限公司深圳金田路证券营业部,2017-03-13,300072.XSHE
190,21013404,11500,21013404,24.55,日换手率达到20%的前五只证券,9.9418,21001904,-5.6212,-5.7418,-28.6762,-32.1039,0.9369,2.2632,142.34945706,461.78489703,-25.8248,-24.3504,2.4033,3.3529,-29.2872,-28.5415,1.3442,3.3529,461.78489703,9.2872,10.2263,461.78489703,002839,11500,张家港行,80100524,光大证券股份有限公司深圳金田路证券营业部,2017-03-08,002839.XSHE
191,30514441,104925,30376060,60.74,日涨幅偏离值达到7%的前五只证券,9.9964,30376060,-1.7122,-3.1439,-2.1732,-6.0813,-5.7458,-10.289,29.70318172,149.44558522,-3.1116,-7.1134,-5.9104,-11.1146,-18.4228,-20.9114,-0.922,-6.637,-7.26717558,0.5598,-2.9851,-3.12599681,300340,0,科恒股份,80100524,光大证券股份有限公司深圳金田路证券营业部,2017-03-06,300340.XSHE
192,30514441,104925,30514441,60.74,连续三个交易日内，涨幅偏离值累计达到20%的证券,9.9964,30409516,-1.7122,-3.1439,-2.1732,-6.0813,-5.7458,-10.289,29.70318172,149.44558522,-3.1116,-7.1134,-5.9104,-11.1146,-18.4228,-20.9114,-0.922,-6.637,-7.26717558,0.5598,-2.9851,-3.12599681,300340,104925,科恒股份,80100524,光大证券股份有限公司深圳金田路证券营业部,2017-03-06,300340.XSHE
193,70122135.5,318491,70122135.5,58.89,日涨幅偏离值达到7%的前五只证券,9.9925,69803644.5,-6.215,-5.7565,-5.2471,-6.0791,0.2208,-0.7472,16.19968429,133.04313414,-9.9168,-9.9168,-2.1056,-2.0886,-20.2581,-21.6505,-3.4131,-3.2264,22.68749999,-0.0679,-1.5113,-0.35532995,300073,318491,当升科技,80100524,光大证券股份有限公司深圳金田路证券营业部,2017-03-03,300073.XSHE
194,2399913,31970768.32,2399913,62.6,日跌幅偏离值达到7%的前五只证券,-7.8192,-29570855.32,-2.508,-3.5144,-5.8946,-5.8307,0.7348,-0.7668,48.97667778,465.55503011,-10.9265,-11.1661,1.5974,1.4377,-19.1906,-19.3506,4.4728,2.2045,35.43920381,0.4952,2.0767,60.92544988,002352,31970768.32,顺丰控股,80100524,光大证券股份有限公司深圳金田路证券营业部,2017-03-03,002352.XSHE
195,22744306,30055846,22744306,16.23,日涨幅偏离值达到7%的前五只证券,10.0339,-7311540,23.8447,22.3471,30.6839,29.2135,3.3272,0.1873,59.4302554,249.78448276,28.7739,27.4657,1.0474,0.4994,27.9729,27.7154,1.0474,-0.4994,18.12227074,-0.5545,-0.1248,249.78448276,002807,30055846,江阴银行,80100524,光大证券股份有限公司深圳金田路证券营业部,2017-02-16,002807.XSHE
196,22744306,30055846,22744306,16.23,日换手率达到20%的前五只证券,10.0339,-7311540,23.8447,22.3471,30.6839,29.2135,3.3272,0.1873,59.4302554,249.78448276,28.7739,27.4657,1.0474,0.4994,27.9729,27.7154,1.0474,-0.4994,18.12227074,-0.5545,-0.1248,249.78448276,002807,30055846,江阴银行,80100524,光大证券股份有限公司深圳金田路证券营业部,2017-02-16,002807.XSHE
197,22744306,30055846,52244306,16.23,连续三个交易日内，涨幅偏离值累计达到20%的证券,10.0339,21860490,23.8447,22.3471,30.6839,29.2135,3.3272,0.1873,59.4302554,249.78448276,28.7739,27.4657,1.0474,0.4994,27.9729,27.7154,1.0474,-0.4994,18.12227074,-0.5545,-0.1248,249.78448276,002807,30383816,江阴银行,80100524,光大证券股份有限公司深圳金田路证券营业部,2017-02-16,002807.XSHE
198,0,26315652.6,23957209.79,16.2,连续三个交易日内，涨幅偏离值累计达到20%的证券,9.9796,-2407051.81,31.2963,17.7329,52.963,36.9248,10,-1.0662,270.70938215,270.70938215,81.7901,48.7654,16.8519,5.8923,0.3704,-8.6981,20.679,5.2189,270.70938215,13.8889,1.0101,270.70938215,002839,26364261.6,张家港行,80100524,光大证券股份有限公司深圳金田路证券营业部,2017-02-16,002839.XSHE
199,29500000,327970,29500000,14.75,日涨幅偏离值达到7%的前五只证券,9.9925,29172030,35.661,27.5333,41.1525,41.2,10.0339,6.8,44.89194499,217.88793103,40.339,37.7333,13.6949,7,44.2034,40.6667,11.1864,7.3333,5.58339298,8.4746,5.3333,217.88793103,002807,327970,江阴银行,80100524,光大证券股份有限公司深圳金田路证券营业部,2017-02-15,002807.XSHE
200,23957209.79,48609,23957209.79,14.73,日涨幅偏离值达到7%的前五只证券,10.0075,23908600.79,31.3646,18.5185,66.6667,47.284,9.9796,10,237.07093822,237.07093822,82.1453,62.3457,20.9776,8.8272,18.873,0,28.5132,16.4815,237.07093822,24.8473,11.0494,237.07093822,002839,48609,张家港行,80100524,光大证券股份有限公司深圳金田路证券营业部,2017-02-15,002839.XSHE
201,0,58359096.3,0,59.88,日换手率达到20%的前五只证券,3.9944,-58359096.3,-23.5638,-19.4643,-18.1697,-14.0893,-7.4983,-6.2321,285.82474227,511.02040816,-25.8851,-20.5357,-16.7502,-15.1786,-26.837,-23.2143,-22.0274,-16.6607,511.02040816,-19.8397,-12.5,511.02040816,002824,58359096.3,和胜股份,80100524,光大证券股份有限公司深圳金田路证券营业部,2017-02-15,002824.XSHE
202,52350000,5235,52350000,52.35,日涨幅偏离值达到7%的前五只证券,10.0021,52344765,-10.4298,-10.9057,-11.7479,-12.1132,9.9904,8.6604,271.01346563,434.18367347,-13.9637,-15.0943,14.384,5.6604,-5.8644,-6.9623,5.8071,-0.9245,434.18367347,-10.8118,-11.9434,434.18367347,002824,5235,和胜股份,80100524,光大证券股份有限公司深圳金田路证券营业部,2017-02-13,002824.XSHE
203,52350000,5235,52350000,52.35,日换手率达到20%的前五只证券,10.0021,52344765,-10.4298,-10.9057,-11.7479,-12.1132,9.9904,8.6604,271.01346563,434.18367347,-13.9637,-15.0943,14.384,5.6604,-5.8644,-6.9623,5.8071,-0.9245,434.18367347,-10.8118,-11.9434,434.18367347,002824,5235,和胜股份,80100524,光大证券股份有限公司深圳金田路证券营业部,2017-02-13,002824.XSHE
204,52350000,5235,52350000,52.35,连续三个交易日内，涨幅偏离值累计达到20%的证券,10.0021,52344765,-10.4298,-10.9057,-11.7479,-12.1132,9.9904,8.6604,271.01346563,434.18367347,-13.9637,-15.0943,14.384,5.6604,-5.8644,-6.9623,5.8071,-0.9245,434.18367347,-10.8118,-11.9434,434.18367347,002824,5235,和胜股份,80100524,光大证券股份有限公司深圳金田路证券营业部,2017-02-13,002824.XSHE
205,52117113.8,,52117113.8,13.05,有价格涨跌幅限制的日收盘价格涨幅偏离值达到7%的前三只证券,10.0337,52117113.8,-7.6628,-11.367,0.9962,-2.8232,-0.3831,-5.4235,37.22397475,162.57545279,-5.2874,-8.6181,-2.682,-8.1724,-8.1992,-11.6642,-4.751,-7.8009,91.06881408,-1.9923,-7.0579,137.27272724,600698,,湖南天雁,80100524,光大证券股份有限公司深圳金田路证券营业部,2017-02-08,600698.XSHG
206,52117113.8,,52117113.8,13.05,有价格涨跌幅限制的日价格振幅达到15%的前三只证券,10.0337,52117113.8,-7.6628,-11.367,0.9962,-2.8232,-0.3831,-5.4235,37.22397475,162.57545279,-5.2874,-8.6181,-2.682,-8.1724,-8.1992,-11.6642,-4.751,-7.8009,91.06881408,-1.9923,-7.0579,137.27272724,600698,,湖南天雁,80100524,光大证券股份有限公司深圳金田路证券营业部,2017-02-08,600698.XSHG
207,0,54957030.04,0,31.82,日涨幅偏离值达到7%的前五只证券,9.9896,-54957030.04,-11.0308,-7.8905,-17.9761,-15.62,-0.0314,-5.8937,53.1280077,154.73543763,-19.3903,-17.5523,2.137,2.8986,-13.6392,-12.1739,4.0226,3.0918,100.25173061,2.8284,-0.5475,111.42857146,000885,54957030.04,同力水泥,80100524,光大证券股份有限公司深圳金田路证券营业部,2017-02-06,000885.XSHE
208,0,54957030.04,0,31.82,日振幅值达到15%的前五只证券,9.9896,-54957030.04,-11.0308,-7.8905,-17.9761,-15.62,-0.0314,-5.8937,53.1280077,154.73543763,-19.3903,-17.5523,2.137,2.8986,-13.6392,-12.1739,4.0226,3.0918,100.25173061,2.8284,-0.5475,111.42857146,000885,54957030.04,同力水泥,80100524,光大证券股份有限公司深圳金田路证券营业部,2017-02-06,000885.XSHE
